{
  "regime": "canonical",
  "seed": 15,
  "steps": 2000,
  "depth": 6,
  "early_stop_step": 225,
  "val_acc": 0.9282511210762332,
  "vision_dropout": 0.0,
  "use_ground": true,
  "n_train": 1172,
  "n_eval_clusters": 231,
  "trainable_params": 14306304,
  "accuracy": 0.8352229780801209,
  "accuracy_vision_ablated": 0.7498110355253212,
  "grounding_gap": 0.08541194255479967,
  "flip_rate": 0.22943722943722944
}