{
  "regime": "augmented",
  "seed": 5,
  "steps": 1500,
  "depth": 6,
  "early_stop_step": 150,
  "val_acc": 0.8385650224215246,
  "vision_dropout": 0.75,
  "n_train": 6862,
  "n_eval_clusters": 231,
  "trainable_params": 11486210,
  "accuracy": 0.8208616780045351,
  "accuracy_vision_ablated": 0.8034769463340892,
  "grounding_gap": 0.017384731670445963,
  "flip_rate": 0.017316017316017316
}