{
  "regime": "augmented",
  "seed": 2,
  "steps": 12000,
  "depth": 6,
  "early_stop_step": 6000,
  "val_acc": 0.7460958178930651,
  "vision_dropout": 0.0,
  "use_ground": true,
  "n_train": 4228112,
  "n_eval_clusters": 2000,
  "trainable_params": 14078592,
  "accuracy": 0.7536938775510205,
  "accuracy_vision_ablated": 0.5065,
  "grounding_gap": 0.2471938775510205,
  "flip_rate": 0.059
}