{
  "regime": "canonical",
  "seed": 7,
  "steps": 12000,
  "depth": 6,
  "early_stop_step": 9500,
  "val_acc": 0.7549629433562731,
  "vision_dropout": 0.0,
  "use_ground": true,
  "n_train": 86288,
  "n_eval_clusters": 2000,
  "trainable_params": 14078592,
  "accuracy": 0.6226632653061225,
  "accuracy_vision_ablated": 0.49429591836734693,
  "grounding_gap": 0.12836734693877555,
  "flip_rate": 0.8705
}