{
  "regime": "augmented",
  "seed": 8,
  "steps": 2000,
  "depth": 6,
  "early_stop_step": 150,
  "val_acc": 0.9192825112107623,
  "vision_dropout": 0.0,
  "n_train": 6862,
  "n_eval_clusters": 231,
  "trainable_params": 13861248,
  "accuracy": 0.8783068783068783,
  "accuracy_vision_ablated": 0.7966742252456538,
  "grounding_gap": 0.08163265306122447,
  "flip_rate": 0.09956709956709957
}