{
  "regime": "canonical",
  "seed": 7,
  "steps": 1500,
  "depth": 6,
  "early_stop_step": 300,
  "val_acc": 0.8834080717488789,
  "vision_dropout": 0.0,
  "n_train": 1172,
  "n_eval_clusters": 231,
  "trainable_params": 11486210,
  "accuracy": 0.8427815570672713,
  "accuracy_vision_ablated": 0.6787603930461074,
  "grounding_gap": 0.16402116402116396,
  "flip_rate": 0.14285714285714285
}