{
  "regime": "augmented",
  "seed": 4,
  "steps": 2000,
  "depth": 6,
  "early_stop_step": 375,
  "val_acc": 0.9103139013452914,
  "vision_dropout": 0.5,
  "n_train": 6862,
  "n_eval_clusters": 231,
  "trainable_params": 13861248,
  "accuracy": 0.8851095993953136,
  "accuracy_vision_ablated": 0.7755102040816326,
  "grounding_gap": 0.10959939531368101,
  "flip_rate": 0.11255411255411256
}