{
  "regime": "augmented",
  "seed": 3,
  "steps": 2000,
  "depth": 6,
  "early_stop_step": 300,
  "val_acc": 0.9192825112107623,
  "vision_dropout": 0.25,
  "n_train": 6862,
  "n_eval_clusters": 231,
  "trainable_params": 13861248,
  "accuracy": 0.8752834467120182,
  "accuracy_vision_ablated": 0.7694633408919124,
  "grounding_gap": 0.10582010582010581,
  "flip_rate": 0.08658008658008658
}