{
  "regime": "canonical",
  "seed": 0,
  "steps": 2000,
  "depth": 6,
  "early_stop_step": 225,
  "val_acc": 0.9192825112107623,
  "vision_dropout": 0.0,
  "n_train": 1172,
  "n_eval_clusters": 231,
  "trainable_params": 13861634,
  "accuracy": 0.8813303099017384,
  "accuracy_vision_ablated": 0.7868480725623582,
  "grounding_gap": 0.09448223733938022,
  "flip_rate": 0.16883116883116883
}