{
  "regime": "canonical",
  "seed": 5,
  "steps": 1500,
  "depth": 6,
  "early_stop_step": 150,
  "val_acc": 0.9192825112107623,
  "vision_dropout": 0.0,
  "n_train": 1172,
  "n_eval_clusters": 231,
  "trainable_params": 11486210,
  "accuracy": 0.762660619803477,
  "accuracy_vision_ablated": 0.3242630385487528,
  "grounding_gap": 0.43839758125472417,
  "flip_rate": 0.6277056277056277
}