{
  "regime": "canonical",
  "seed": 2,
  "steps": 2000,
  "depth": 6,
  "early_stop_step": 150,
  "val_acc": 0.9237668161434978,
  "vision_dropout": 0.0,
  "n_train": 1172,
  "n_eval_clusters": 231,
  "trainable_params": 13861634,
  "accuracy": 0.8488284202569917,
  "accuracy_vision_ablated": 0.6666666666666666,
  "grounding_gap": 0.18216175359032505,
  "flip_rate": 0.2597402597402597
}