{
  "regime": "augmented",
  "seed": 0,
  "steps": 2000,
  "depth": 6,
  "early_stop_step": 525,
  "val_acc": 0.9192825112107623,
  "vision_dropout": 0.0,
  "n_train": 6862,
  "n_eval_clusters": 231,
  "trainable_params": 13861248,
  "accuracy": 0.8888888888888888,
  "accuracy_vision_ablated": 0.7611489040060468,
  "grounding_gap": 0.127739984882842,
  "flip_rate": 0.07792207792207792,
  "per_layer_dispersion_flip_corr": {
    "0": 0.6254932835164909,
    "1": 0.6548373717314601,
    "2": 0.6451740184022866,
    "3": 0.6314989434635271,
    "4": 0.6132911213032457,
    "5": 0.6037832136339304
  },
  "flip_fraction": 0.07792207792207792,
  "phenomenon_disagreement": {
    "original": 0.0,
    "lexical_substitution": 0.038910505836575876,
    "scope_quantification": 0.01327433628318584,
    "syntactic_restructuring": 0.004464285714285714,
    "negation_pattern": 0.0,
    "specificity_modulation": 0.03482587064676617
  }
}