{
  "val": {
    "n": 15112,
    "acc": 0.7475516146109052,
    "auc": 0.8265551221428789,
    "auc_per_finding_mean": 0.8192658975286208,
    "text_only_acc": 0.5,
    "flip": 0.06127580730545262,
    "per_finding": {
      "is there atelectasis?": {
        "n": 1576,
        "acc": 0.7170050761421319,
        "auc": 0.7866587003014764
      },
      "is there cardiomegaly?": {
        "n": 1000,
        "acc": 0.796,
        "auc": 0.8719839999999999
      },
      "is there consolidation?": {
        "n": 1338,
        "acc": 0.7443946188340808,
        "auc": 0.8067012094440758
      },
      "is there edema?": {
        "n": 706,
        "acc": 0.8385269121813032,
        "auc": 0.9060260494827821
      },
      "is there emphysema?": {
        "n": 744,
        "acc": 0.8333333333333334,
        "auc": 0.9153081281072957
      },
      "is there fibrosis?": {
        "n": 502,
        "acc": 0.7191235059760956,
        "auc": 0.7930826494817541
      },
      "is there hernia?": {
        "n": 66,
        "acc": 0.6666666666666666,
        "auc": 0.7731864095500459
      },
      "is there infiltrates?": {
        "n": 1540,
        "acc": 0.6623376623376623,
        "auc": 0.7180772474278968
      },
      "is there mass?": {
        "n": 1510,
        "acc": 0.7437086092715232,
        "auc": 0.8267339151791587
      },
      "is there nodule?": {
        "n": 1544,
        "acc": 0.6748704663212435,
        "auc": 0.7423454320921365
      },
      "is there pleural effusion?": {
        "n": 1552,
        "acc": 0.8157216494845361,
        "auc": 0.8821507333404186
      },
      "is there pleural thickening?": {
        "n": 1132,
        "acc": 0.7014134275618374,
        "auc": 0.7870806228071271
      },
      "is there pneumonia?": {
        "n": 408,
        "acc": 0.6862745098039216,
        "auc": 0.7618464052287582
      },
      "is there pneumothorax?": {
        "n": 1494,
        "acc": 0.8253012048192772,
        "auc": 0.8985410629577659
      }
    }
  },
  "ood_mimic": {
    "n": 450,
    "acc": 0.6711111111111111,
    "auc": 0.7433283950617284,
    "auc_per_finding_mean": 0.7670212154957212,
    "text_only_acc": 0.5,
    "flip": 0.04888888888888889,
    "per_finding": {
      "is there atelectasis?": {
        "n": 174,
        "acc": 0.5747126436781609,
        "auc": 0.6352226185757697
      },
      "is there cardiomegaly?": {
        "n": 80,
        "acc": 0.725,
        "auc": 0.8112499999999999
      },
      "is there edema?": {
        "n": 36,
        "acc": 0.7222222222222222,
        "auc": 0.7932098765432098
      },
      "is there pleural effusion?": {
        "n": 104,
        "acc": 0.75,
        "auc": 0.8284023668639053
      }
    }
  },
  "ood_vindr": {
    "n": 5478,
    "acc": 0.6863818912011683,
    "auc": 0.7558343833697164,
    "auc_per_finding_mean": 0.7058208624643998,
    "text_only_acc": 0.5,
    "flip": 0.059693318729463304,
    "per_finding": {
      "is there cardiomegaly?": {
        "n": 2410,
        "acc": 0.7427385892116183,
        "auc": 0.8325311203319501
      },
      "is there consolidation?": {
        "n": 26,
        "acc": 0.6153846153846154,
        "auc": 0.6627218934911243
      },
      "is there fibrosis?": {
        "n": 1206,
        "acc": 0.5696517412935324,
        "auc": 0.6110382306268546
      },
      "is there infiltrates?": {
        "n": 168,
        "acc": 0.7678571428571429,
        "auc": 0.7797619047619048
      },
      "is there nodule?": {
        "n": 110,
        "acc": 0.6363636363636364,
        "auc": 0.736198347107438
      },
      "is there pleural effusion?": {
        "n": 1144,
        "acc": 0.7272727272727273,
        "auc": 0.7889047141669518
      },
      "is there pleural thickening?": {
        "n": 254,
        "acc": 0.4094488188976378,
        "auc": 0.3321966643933288
      },
      "is there pneumothorax?": {
        "n": 148,
        "acc": 0.831081081081081,
        "auc": 0.9032140248356465
      }
    }
  }
}