{
  "per_seed": [
    {
      "seed": 0,
      "n_cases": 319,
      "n_stable": 222,
      "sigma2_route": 0.0721573642929079,
      "corr": 0.6041533716843193,
      "sigma2_finding": 0.008153415245941152,
      "sigma2_case": 0.06400394904696673,
      "case_share": 0.887005072692939,
      "delta_0": 3.0969128608703613,
      "delta_g": 5.605731010437012,
      "n_patients_test": 106,
      "route_drop_rate_test": 0.0,
      "route_drop_ci_patient": [
        0.0,
        0.0
      ]
    },
    {
      "seed": 1,
      "n_cases": 319,
      "n_stable": 261,
      "sigma2_route": 0.04364034858556077,
      "corr": 0.5530243646796508,
      "sigma2_finding": 0.003352911103599918,
      "sigma2_case": 0.04028743748196085,
      "case_share": 0.9231694490204245,
      "delta_0": 3.701995372772217,
      "delta_g": 5.859691619873047,
      "n_patients_test": 129,
      "route_drop_rate_test": 0.0,
      "route_drop_ci_patient": [
        0.0,
        0.0
      ]
    },
    {
      "seed": 2,
      "n_cases": 319,
      "n_stable": 238,
      "sigma2_route": 0.10338285609555309,
      "corr": 0.6337447203985375,
      "sigma2_finding": 0.010221013105012226,
      "sigma2_case": 0.09316184299054087,
      "case_share": 0.9011343428479124,
      "delta_0": 3.473928928375244,
      "delta_g": 5.391698360443115,
      "n_patients_test": 115,
      "route_drop_rate_test": 0.0,
      "route_drop_ci_patient": [
        0.0,
        0.0
      ]
    }
  ],
  "pooled": {
    "sigma2_route": 0.07306018965800724,
    "corr": 0.5969741522541692,
    "case_share": 0.9037696215204253,
    "route_drop_rate_test": 0.0
  }
}