{
  "per_seed": [
    {
      "seed": 0,
      "n_cases": 240,
      "n_stable": 178,
      "n_prompts": 24,
      "sigma2_route": 0.05036276951432228,
      "sigma2_route_ci": [
        0.033493439201265574,
        0.06922561731189489
      ],
      "sigma2_match_prompt": 0.06583297997713089,
      "corr_CA_CB": 0.43346600250196193,
      "rms_within_case_std": 0.2938702404499054,
      "route_drop_rate": 0.28651685393258425,
      "route_drop_ci": [
        0.2247191011235955,
        0.34831460674157305
      ],
      "delta_0": 0.25657938338286435,
      "delta_g": 0.5131587667657287
    },
    {
      "seed": 1,
      "n_cases": 240,
      "n_stable": 185,
      "n_prompts": 24,
      "sigma2_route": 0.03984536603093147,
      "sigma2_route_ci": [
        0.028576522786170244,
        0.05188084281980991
      ],
      "sigma2_match_prompt": 0.048646531999111176,
      "corr_CA_CB": 0.4528118642934638,
      "rms_within_case_std": 0.2613213360309601,
      "route_drop_rate": 0.21081081081081082,
      "route_drop_ci": [
        0.16216216216216217,
        0.2648648648648649
      ],
      "delta_0": 0.22055958831823924,
      "delta_g": 0.4411191766364785
    },
    {
      "seed": 2,
      "n_cases": 240,
      "n_stable": 178,
      "n_prompts": 24,
      "sigma2_route": 0.0683625191450119,
      "sigma2_route_ci": [
        0.04623357877135277,
        0.09345822278410196
      ],
      "sigma2_match_prompt": 0.07772953063249588,
      "corr_CA_CB": 0.4681947416420492,
      "rms_within_case_std": 0.3412807881832123,
      "route_drop_rate": 0.25842696629213485,
      "route_drop_ci": [
        0.20224719101123595,
        0.3146067415730337
      ],
      "delta_0": 0.2788001625402967,
      "delta_g": 0.5576003250805934
    }
  ],
  "pooled": {
    "sigma2_route": 0.05285688489675522,
    "sigma2_match_prompt": 0.06406968086957932,
    "corr_CA_CB": 0.45149086947915834,
    "rms_within_case_std": 0.29882412155469257,
    "route_drop_rate": 0.25191821034517664
  }
}