{
  "per_seed": [
    {
      "seed": 0,
      "n_cases": 319,
      "n_stable": 222,
      "sigma2_route": 0.05603372297727383,
      "corr": 0.5204835828571308,
      "sigma2_finding": 0.009138395246400552,
      "sigma2_case": 0.04689532773087327,
      "case_share": 0.8369125662590815,
      "delta_0": 3.32359492778778,
      "delta_g": 4.937264269590379,
      "n_test_cases": 112,
      "n_test_patients": 105,
      "route_drops_observed": 0,
      "route_drop_rate_test": 0.0,
      "route_drop_upper95_patient": 0.03452221412650569
    },
    {
      "seed": 1,
      "n_cases": 319,
      "n_stable": 261,
      "sigma2_route": 0.044944873632186355,
      "corr": 0.5747048962074733,
      "sigma2_finding": 0.00821217057195486,
      "sigma2_case": 0.03673270306023149,
      "case_share": 0.8172834691572621,
      "delta_0": 5.023540204763413,
      "delta_g": 7.184988405928,
      "n_test_cases": 133,
      "n_test_patients": 125,
      "route_drops_observed": 0,
      "route_drop_rate_test": 0.0,
      "route_drop_upper95_patient": 0.029079837136431474
    },
    {
      "seed": 2,
      "n_cases": 319,
      "n_stable": 238,
      "sigma2_route": 0.08627651443681696,
      "corr": 0.5732922316089863,
      "sigma2_finding": 0.0175011203981243,
      "sigma2_case": 0.06877539403869265,
      "case_share": 0.7971508085425525,
      "delta_0": 3.9513682425022125,
      "delta_g": 6.258609876036644,
      "n_test_cases": 119,
      "n_test_patients": 115,
      "route_drops_observed": 0,
      "route_drop_rate_test": 0.0,
      "route_drop_upper95_patient": 0.031568195988247116
    }
  ],
  "pooled": {
    "sigma2_route": 0.06241837034875904,
    "corr": 0.5561602368911969,
    "case_share": 0.8171156146529653,
    "route_drop_rate_test": 0.0,
    "route_drops_observed_total": 0,
    "patient_seed_evaluations_total": 345,
    "unique_test_patients": 225
  },
  "note": "y-label direction restored in draws_V/null_V; dev/test split by patient; zero-event CIs reported as Clopper-Pearson 97.5% upper bounds. The case pool is built once, so the three seeds share patients: patient_seed_evaluations_total is the summed per-seed count and unique_test_patients is the union. Recomputed from the saved deterministic margins in route_flip_records.json."
}