{
  "regime": "augmented",
  "seed": 2,
  "steps": 2000,
  "depth": 6,
  "early_stop_step": 225,
  "val_acc": 0.9192825112107623,
  "vision_dropout": 0.0,
  "n_train": 6862,
  "n_eval_clusters": 231,
  "trainable_params": 13861248,
  "accuracy": 0.8798185941043084,
  "accuracy_vision_ablated": 0.8133030990173847,
  "grounding_gap": 0.06651549508692367,
  "flip_rate": 0.09090909090909091
}