{
  "regime": "augmented",
  "seed": 2,
  "steps": 2000,
  "depth": 6,
  "early_stop_step": 300,
  "val_acc": 0.9192825112107623,
  "vision_dropout": 0.0,
  "n_train": 6862,
  "n_eval_clusters": 231,
  "trainable_params": 13861634,
  "accuracy": 0.8888888888888888,
  "accuracy_vision_ablated": 0.7316704459561603,
  "grounding_gap": 0.15721844293272857,
  "flip_rate": 0.09523809523809523
}