{
  "regime": "canonical",
  "seed": 5,
  "steps": 2000,
  "depth": 6,
  "early_stop_step": 225,
  "val_acc": 0.9192825112107623,
  "vision_dropout": 0.0,
  "n_train": 1172,
  "n_eval_clusters": 231,
  "trainable_params": 13861634,
  "accuracy": 0.8261526832955405,
  "accuracy_vision_ablated": 0.5827664399092971,
  "grounding_gap": 0.24338624338624337,
  "flip_rate": 0.26406926406926406
}