{
  "regime": "adversarial",
  "seed": 1,
  "steps": 2000,
  "depth": 6,
  "early_stop_step": 150,
  "val_acc": 0.8968609865470852,
  "vision_dropout": 0.0,
  "n_train": 1172,
  "n_eval_clusters": 231,
  "trainable_params": 13861248,
  "accuracy": 0.8503401360544217,
  "accuracy_vision_ablated": 0.7437641723356009,
  "grounding_gap": 0.10657596371882083,
  "flip_rate": 0.2857142857142857
}