{
  "regime": "adversarial",
  "seed": 9,
  "steps": 2000,
  "depth": 6,
  "early_stop_step": 300,
  "val_acc": 0.8923766816143498,
  "vision_dropout": 0.0,
  "n_train": 1172,
  "n_eval_clusters": 231,
  "trainable_params": 13861248,
  "accuracy": 0.8692365835222978,
  "accuracy_vision_ablated": 0.7913832199546486,
  "grounding_gap": 0.07785336356764927,
  "flip_rate": 0.2510822510822511
}