{
  "B_provenance": {
    "adversarial": {
      "flip": {
        "mean": 0.8737499999999999,
        "std": 0.016219201583308585,
        "ci95": [
          0.8599166666666668,
          0.8866666666666666
        ],
        "n": 6
      },
      "grounding_gap": {
        "mean": 0.08769666666666669,
        "std": 0.005016936869799667,
        "ci95": [
          0.08401000000000004,
          0.09194666666666668
        ],
        "n": 6
      },
      "accuracy": {
        "mean": 0.58579,
        "std": 0.0039953598085779385,
        "ci95": [
          0.5823733333333334,
          0.58886
        ],
        "n": 6
      }
    },
    "augmented": {
      "flip": {
        "mean": 0.26558333333333334,
        "std": 0.03340461129178957,
        "ci95": [
          0.23933333333333337,
          0.29224999999999995
        ],
        "n": 6
      },
      "grounding_gap": {
        "mean": 0.24121333333333336,
        "std": 0.009458574005748524,
        "ci95": [
          0.23388666666666671,
          0.2489666666666667
        ],
        "n": 6
      },
      "accuracy": {
        "mean": 0.74338,
        "std": 0.00599686584809097,
        "ci95": [
          0.7383099999999999,
          0.7479399999999999
        ],
        "n": 6
      }
    },
    "canonical": {
      "flip": {
        "mean": 0.65925,
        "std": 0.050239219407417816,
        "ci95": [
          0.6191666666666668,
          0.70025
        ],
        "n": 6
      },
      "grounding_gap": {
        "mean": 0.16259666666666667,
        "std": 0.0091796616979543,
        "ci95": [
          0.15589333333333336,
          0.17066666666666674
        ],
        "n": 6
      },
      "accuracy": {
        "mean": 0.6649433333333333,
        "std": 0.013030714570668114,
        "ci95": [
          0.6550266666666668,
          0.6746366666666667
        ],
        "n": 6
      }
    }
  },
  "B_provenance_pairwise_mwu": {
    "adversarial_vs_augmented": 0.0021645021645021645,
    "adversarial_vs_canonical": 0.0021645021645021645,
    "augmented_vs_canonical": 0.0021645021645021645
  },
  "D_grounding_sweep": {},
  "C_architecture": {},
  "A_divergence": {},
  "E_patching": {}
}