{
  "regime": "augmented",
  "seed": 5,
  "steps": 1500,
  "depth": 6,
  "early_stop_step": 525,
  "val_acc": 0.9147982062780269,
  "vision_dropout": 0.0,
  "n_train": 6862,
  "n_eval_clusters": 231,
  "trainable_params": 11486210,
  "accuracy": 0.8745275888133031,
  "accuracy_vision_ablated": 0.6787603930461074,
  "grounding_gap": 0.1957671957671957,
  "flip_rate": 0.10822510822510822
}