{
  "regime": "augmented",
  "seed": 4,
  "steps": 2000,
  "depth": 6,
  "early_stop_step": 150,
  "val_acc": 0.9103139013452914,
  "vision_dropout": 0.0,
  "n_train": 6862,
  "n_eval_clusters": 231,
  "trainable_params": 13861248,
  "accuracy": 0.8790627362055934,
  "accuracy_vision_ablated": 0.762660619803477,
  "grounding_gap": 0.1164021164021164,
  "flip_rate": 0.1038961038961039,
  "n_flip_targets": 24,
  "n_nonflip_controls": 60,
  "recovery_rank1_by_layer": [
    1.0,
    1.0,
    1.0,
    1.0,
    1.0,
    0.7083333333333334
  ],
  "control_rank1_by_layer": [
    0.0,
    0.0,
    0.0,
    0.0,
    0.0,
    0.0
  ],
  "net_rank1_by_layer": [
    1.0,
    1.0,
    1.0,
    1.0,
    1.0,
    0.7083333333333334
  ],
  "nonflip_disruption_by_layer": [
    0.0,
    0.0,
    0.0,
    0.0,
    0.0,
    0.0
  ],
  "locus_depth_net30": 0
}