{
  "regime": "adversarial",
  "seed": 4,
  "steps": 2000,
  "depth": 6,
  "early_stop_step": 225,
  "val_acc": 0.8923766816143498,
  "vision_dropout": 0.0,
  "use_ground": true,
  "n_train": 1172,
  "n_eval_clusters": 231,
  "trainable_params": 14306304,
  "accuracy": 0.8442932728647015,
  "accuracy_vision_ablated": 0.7384731670445956,
  "grounding_gap": 0.10582010582010581,
  "flip_rate": 0.341991341991342
}