{
  "regime": "adversarial",
  "seed": 11,
  "steps": 2000,
  "depth": 6,
  "early_stop_step": 150,
  "val_acc": 0.8923766816143498,
  "vision_dropout": 0.0,
  "n_train": 1172,
  "n_eval_clusters": 231,
  "trainable_params": 13861248,
  "accuracy": 0.8367346938775511,
  "accuracy_vision_ablated": 0.7150415721844293,
  "grounding_gap": 0.12169312169312174,
  "flip_rate": 0.36796536796536794
}