{
  "regime": "canonical",
  "seed": 5,
  "steps": 2000,
  "depth": 6,
  "early_stop_step": 450,
  "val_acc": 0.9372197309417041,
  "vision_dropout": 0.0,
  "use_ground": true,
  "n_train": 1172,
  "n_eval_clusters": 231,
  "trainable_params": 14306304,
  "accuracy": 0.8397581254724111,
  "accuracy_vision_ablated": 0.7611489040060468,
  "grounding_gap": 0.07860922146636429,
  "flip_rate": 0.21645021645021645
}