{
  "regime": "canonical",
  "seed": 3,
  "steps": 12000,
  "depth": 6,
  "early_stop_step": 6500,
  "val_acc": 0.7521836950767602,
  "vision_dropout": 0.0,
  "use_ground": true,
  "n_train": 86288,
  "n_eval_clusters": 2000,
  "trainable_params": 14078592,
  "accuracy": 0.68662,
  "accuracy_vision_ablated": 0.5065,
  "grounding_gap": 0.18012000000000006,
  "flip_rate": 0.5845
}