{
  "regime": "augmented",
  "seed": 23,
  "steps": 1500,
  "depth": 6,
  "early_stop_step": 750,
  "val_acc": 0.8789237668161435,
  "vision_dropout": 0.0,
  "n_train": 6862,
  "n_eval_clusters": 231,
  "trainable_params": 11486210,
  "accuracy": 0.8518518518518519,
  "accuracy_vision_ablated": 0.764928193499622,
  "grounding_gap": 0.08692365835222982,
  "flip_rate": 0.09090909090909091
}