{
  "regime": "adversarial",
  "seed": 5,
  "steps": 2000,
  "depth": 6,
  "early_stop_step": 150,
  "val_acc": 0.9103139013452914,
  "vision_dropout": 0.0,
  "n_train": 1172,
  "n_eval_clusters": 231,
  "trainable_params": 13861248,
  "accuracy": 0.8390022675736961,
  "accuracy_vision_ablated": 0.6069538926681783,
  "grounding_gap": 0.23204837490551777,
  "flip_rate": 0.3203463203463203,
  "per_layer_dispersion_flip_corr": {
    "0": 0.8120693077446072,
    "1": 0.8000217366980445,
    "2": 0.8001390992206752,
    "3": 0.7984022318878995,
    "4": 0.7876175276835129,
    "5": 0.763437075483905
  },
  "flip_fraction": 0.3203463203463203,
  "phenomenon_disagreement": {
    "original": 0.05194805194805195,
    "lexical_substitution": 0.1245136186770428,
    "scope_quantification": 0.17699115044247787,
    "syntactic_restructuring": 0.09375,
    "negation_pattern": 0.021739130434782608,
    "specificity_modulation": 0.06467661691542288
  }
}