{
  "regime": "canonical",
  "seed": 13,
  "steps": 1500,
  "depth": 6,
  "early_stop_step": 150,
  "val_acc": 0.905829596412556,
  "vision_dropout": 0.0,
  "n_train": 1172,
  "n_eval_clusters": 231,
  "trainable_params": 11486210,
  "accuracy": 0.8442932728647015,
  "accuracy_vision_ablated": 0.32123960695389264,
  "grounding_gap": 0.5230536659108088,
  "flip_rate": 0.2510822510822511
}