{
  "regime": "adversarial",
  "seed": 19,
  "steps": 1500,
  "depth": 6,
  "early_stop_step": 375,
  "val_acc": 0.9103139013452914,
  "vision_dropout": 0.0,
  "n_train": 1172,
  "n_eval_clusters": 231,
  "trainable_params": 11486210,
  "accuracy": 0.8526077097505669,
  "accuracy_vision_ablated": 0.7739984882842026,
  "grounding_gap": 0.07860922146636429,
  "flip_rate": 0.2597402597402597
}