{
  "regime": "canonical",
  "seed": 15,
  "steps": 2000,
  "depth": 6,
  "early_stop_step": 450,
  "val_acc": 0.9282511210762332,
  "vision_dropout": 0.0,
  "n_train": 1172,
  "n_eval_clusters": 231,
  "trainable_params": 13861248,
  "accuracy": 0.8518518518518519,
  "accuracy_vision_ablated": 0.7490551776266062,
  "grounding_gap": 0.10279667422524563,
  "flip_rate": 0.2510822510822511
}