{
  "regime": "canonical",
  "seed": 1,
  "steps": 2000,
  "depth": 6,
  "early_stop_step": 150,
  "val_acc": 0.905829596412556,
  "vision_dropout": 0.0,
  "n_train": 1172,
  "n_eval_clusters": 231,
  "trainable_params": 13861634,
  "accuracy": 0.7588813303099018,
  "accuracy_vision_ablated": 0.46485260770975056,
  "grounding_gap": 0.2940287226001512,
  "flip_rate": 0.36796536796536794
}