{
  "regime": "canonical",
  "seed": 1,
  "steps": 2000,
  "depth": 6,
  "early_stop_step": 375,
  "val_acc": 0.9372197309417041,
  "vision_dropout": 0.0,
  "n_train": 1172,
  "n_eval_clusters": 231,
  "trainable_params": 13861248,
  "accuracy": 0.8609221466364324,
  "accuracy_vision_ablated": 0.7702191987906274,
  "grounding_gap": 0.09070294784580502,
  "flip_rate": 0.20346320346320346
}