{
  "regime": "augmented",
  "seed": 4,
  "steps": 2000,
  "depth": 6,
  "early_stop_step": 375,
  "val_acc": 0.9282511210762332,
  "vision_dropout": 0.0,
  "n_train": 6862,
  "n_eval_clusters": 231,
  "trainable_params": 13861248,
  "accuracy": 0.890400604686319,
  "accuracy_vision_ablated": 0.7762660619803476,
  "grounding_gap": 0.11413454270597134,
  "flip_rate": 0.10822510822510822
}