{
  "regime": "augmented",
  "seed": 4,
  "steps": 2000,
  "depth": 6,
  "early_stop_step": 225,
  "val_acc": 0.9103139013452914,
  "vision_dropout": 0.0,
  "n_train": 6862,
  "n_eval_clusters": 231,
  "trainable_params": 13861634,
  "accuracy": 0.8934240362811792,
  "accuracy_vision_ablated": 0.8034769463340892,
  "grounding_gap": 0.08994708994709,
  "flip_rate": 0.05194805194805195
}