{
  "regime": "augmented",
  "seed": 0,
  "steps": 2000,
  "depth": 6,
  "early_stop_step": 225,
  "val_acc": 0.9192825112107623,
  "vision_dropout": 0.25,
  "n_train": 6862,
  "n_eval_clusters": 231,
  "trainable_params": 13861248,
  "accuracy": 0.8956916099773242,
  "accuracy_vision_ablated": 0.7853363567649282,
  "grounding_gap": 0.11035525321239603,
  "flip_rate": 0.06060606060606061
}