{
  "regime": "augmented",
  "seed": 0,
  "steps": 1500,
  "depth": 6,
  "early_stop_step": 600,
  "val_acc": 0.9103139013452914,
  "vision_dropout": 0.9,
  "n_train": 6862,
  "n_eval_clusters": 231,
  "trainable_params": 11486210,
  "accuracy": 0.8783068783068783,
  "accuracy_vision_ablated": 0.7316704459561603,
  "grounding_gap": 0.146636432350718,
  "flip_rate": 0.12554112554112554
}