{
  "regime": "augmented",
  "seed": 6,
  "steps": 2000,
  "depth": 6,
  "early_stop_step": 75,
  "val_acc": 0.9103139013452914,
  "vision_dropout": 0.0,
  "use_ground": true,
  "n_train": 6862,
  "n_eval_clusters": 231,
  "trainable_params": 14306304,
  "accuracy": 0.8934240362811792,
  "accuracy_vision_ablated": 0.8163265306122449,
  "grounding_gap": 0.07709750566893425,
  "flip_rate": 0.11688311688311688
}