{
  "regime": "augmented",
  "seed": 1,
  "steps": 1500,
  "depth": 6,
  "early_stop_step": 600,
  "val_acc": 0.8923766816143498,
  "vision_dropout": 0.5,
  "n_train": 6862,
  "n_eval_clusters": 231,
  "trainable_params": 11486210,
  "accuracy": 0.872260015117158,
  "accuracy_vision_ablated": 0.6402116402116402,
  "grounding_gap": 0.23204837490551777,
  "flip_rate": 0.05194805194805195
}