{
  "regime": "augmented",
  "seed": 0,
  "steps": 2000,
  "depth": 6,
  "early_stop_step": 150,
  "val_acc": 0.8923766816143498,
  "vision_dropout": 0.9,
  "n_train": 6862,
  "n_eval_clusters": 231,
  "trainable_params": 13861634,
  "accuracy": 0.873015873015873,
  "accuracy_vision_ablated": 0.8692365835222978,
  "grounding_gap": 0.0037792894935751997,
  "flip_rate": 0.09956709956709957
}