{
  "regime": "augmented",
  "seed": 0,
  "steps": 2000,
  "depth": 6,
  "early_stop_step": 225,
  "val_acc": 0.8071748878923767,
  "vision_dropout": 0.9,
  "n_train": 6862,
  "n_eval_clusters": 231,
  "trainable_params": 13861248,
  "accuracy": 0.7566137566137566,
  "accuracy_vision_ablated": 0.8420256991685563,
  "grounding_gap": -0.08541194255479967,
  "flip_rate": 0.1341991341991342
}