{
  "regime": "augmented",
  "seed": 2,
  "steps": 2000,
  "depth": 6,
  "early_stop_step": 450,
  "val_acc": 0.9147982062780269,
  "vision_dropout": 0.0,
  "n_train": 6862,
  "n_eval_clusters": 231,
  "trainable_params": 13861248,
  "accuracy": 0.8752834467120182,
  "accuracy_vision_ablated": 0.7853363567649282,
  "grounding_gap": 0.08994708994709,
  "flip_rate": 0.10822510822510822,
  "n_flip_targets": 25,
  "n_nonflip_controls": 60,
  "recovery_rank1_by_layer": [
    1.0,
    1.0,
    1.0,
    1.0,
    1.0,
    0.6
  ],
  "control_rank1_by_layer": [
    0.0,
    0.0,
    0.0,
    0.0,
    0.0,
    0.04
  ],
  "net_rank1_by_layer": [
    1.0,
    1.0,
    1.0,
    1.0,
    1.0,
    0.5599999999999999
  ],
  "nonflip_disruption_by_layer": [
    0.0,
    0.0,
    0.0,
    0.0,
    0.0,
    0.0
  ],
  "locus_depth_net30": 0
}