{
  "regime": "augmented",
  "seed": 3,
  "steps": 1500,
  "depth": 6,
  "early_stop_step": 150,
  "val_acc": 0.8340807174887892,
  "vision_dropout": 0.25,
  "n_train": 6862,
  "n_eval_clusters": 231,
  "trainable_params": 11486210,
  "accuracy": 0.798941798941799,
  "accuracy_vision_ablated": 0.762660619803477,
  "grounding_gap": 0.03628117913832196,
  "flip_rate": 0.017316017316017316
}