{
  "regime": "adversarial",
  "seed": 3,
  "steps": 2000,
  "depth": 6,
  "early_stop_step": 375,
  "val_acc": 0.9013452914798207,
  "vision_dropout": 0.0,
  "use_ground": true,
  "n_train": 1172,
  "n_eval_clusters": 231,
  "trainable_params": 14306304,
  "accuracy": 0.8533635676492819,
  "accuracy_vision_ablated": 0.7770219198790628,
  "grounding_gap": 0.07634164777021912,
  "flip_rate": 0.24242424242424243
}