{
  "regime": "adversarial",
  "seed": 6,
  "steps": 2000,
  "depth": 6,
  "early_stop_step": 375,
  "val_acc": 0.9013452914798207,
  "vision_dropout": 0.0,
  "use_ground": true,
  "n_train": 1172,
  "n_eval_clusters": 231,
  "trainable_params": 14306304,
  "accuracy": 0.8329554043839759,
  "accuracy_vision_ablated": 0.7876039304610734,
  "grounding_gap": 0.04535147392290251,
  "flip_rate": 0.3463203463203463
}