{
  "regime": "adversarial",
  "seed": 5,
  "steps": 1500,
  "depth": 6,
  "early_stop_step": 675,
  "val_acc": 0.8789237668161435,
  "vision_dropout": 0.0,
  "n_train": 1172,
  "n_eval_clusters": 231,
  "trainable_params": 11486210,
  "accuracy": 0.8276643990929705,
  "accuracy_vision_ablated": 0.7739984882842026,
  "grounding_gap": 0.053665910808767925,
  "flip_rate": 0.30303030303030304
}