{
  "regime": "adversarial",
  "seed": 11,
  "steps": 1500,
  "depth": 6,
  "early_stop_step": 300,
  "val_acc": 0.8834080717488789,
  "vision_dropout": 0.0,
  "n_train": 1172,
  "n_eval_clusters": 231,
  "trainable_params": 11486210,
  "accuracy": 0.8495842781557067,
  "accuracy_vision_ablated": 0.7543461829176115,
  "grounding_gap": 0.09523809523809523,
  "flip_rate": 0.2813852813852814
}