{
  "regime": "adversarial",
  "seed": 7,
  "steps": 2000,
  "depth": 6,
  "early_stop_step": 75,
  "val_acc": 0.8699551569506726,
  "vision_dropout": 0.0,
  "n_train": 1172,
  "n_eval_clusters": 231,
  "trainable_params": 13861248,
  "accuracy": 0.8170823885109599,
  "accuracy_vision_ablated": 0.8019652305366591,
  "grounding_gap": 0.015117157974300799,
  "flip_rate": 0.41125541125541126
}