{
  "regime": "adversarial",
  "seed": 7,
  "steps": 2000,
  "depth": 6,
  "early_stop_step": 150,
  "val_acc": 0.8699551569506726,
  "vision_dropout": 0.0,
  "n_train": 1172,
  "n_eval_clusters": 231,
  "trainable_params": 13861634,
  "accuracy": 0.8495842781557067,
  "accuracy_vision_ablated": 0.800453514739229,
  "grounding_gap": 0.04913076341647771,
  "flip_rate": 0.2987012987012987
}