{
  "regime": "augmented",
  "seed": 1,
  "steps": 1500,
  "depth": 6,
  "early_stop_step": 450,
  "val_acc": 0.8968609865470852,
  "vision_dropout": 0.0,
  "n_train": 6862,
  "n_eval_clusters": 231,
  "trainable_params": 11486210,
  "accuracy": 0.854119425547997,
  "accuracy_vision_ablated": 0.7596371882086168,
  "grounding_gap": 0.09448223733938022,
  "flip_rate": 0.0735930735930736
}