{
  "regime": "adversarial",
  "seed": 12,
  "steps": 1500,
  "depth": 6,
  "early_stop_step": 375,
  "val_acc": 0.8789237668161435,
  "vision_dropout": 0.0,
  "n_train": 1172,
  "n_eval_clusters": 231,
  "trainable_params": 11486210,
  "accuracy": 0.8412698412698413,
  "accuracy_vision_ablated": 0.7105064247921391,
  "grounding_gap": 0.13076341647770218,
  "flip_rate": 0.341991341991342
}