{
  "regime": "augmented",
  "seed": 4,
  "steps": 2000,
  "depth": 6,
  "early_stop_step": 375,
  "val_acc": 0.9147982062780269,
  "vision_dropout": 0.0,
  "n_train": 6862,
  "n_eval_clusters": 231,
  "trainable_params": 13861248,
  "accuracy": 0.8843537414965986,
  "accuracy_vision_ablated": 0.7785336356764928,
  "grounding_gap": 0.10582010582010581,
  "flip_rate": 0.09090909090909091,
  "per_layer_dispersion_flip_corr": {
    "0": 0.7604101350993303,
    "1": 0.7342321838675572,
    "2": 0.7151246181084715,
    "3": 0.6890115924863373,
    "4": 0.6644769368997141,
    "5": 0.6530867698654638
  },
  "flip_fraction": 0.09090909090909091,
  "phenomenon_disagreement": {
    "original": 0.004329004329004329,
    "lexical_substitution": 0.05058365758754864,
    "scope_quantification": 0.01327433628318584,
    "syntactic_restructuring": 0.022321428571428572,
    "negation_pattern": 0.0,
    "specificity_modulation": 0.024875621890547265
  }
}