{
  "regime": "adversarial",
  "seed": 5,
  "steps": 1500,
  "depth": 6,
  "early_stop_step": 225,
  "val_acc": 0.820627802690583,
  "vision_dropout": 0.0,
  "n_train": 1172,
  "n_eval_clusters": 231,
  "trainable_params": 11486210,
  "accuracy": 0.8420256991685563,
  "accuracy_vision_ablated": 0.7732426303854876,
  "grounding_gap": 0.06878306878306872,
  "flip_rate": 0.35064935064935066,
  "n_flip_targets": 60,
  "n_nonflip_controls": 60,
  "recovery_rank1_by_layer": [
    0.6166666666666667,
    1.0,
    1.0,
    1.0,
    1.0,
    1.0
  ],
  "control_rank1_by_layer": [
    0.016666666666666666,
    0.0,
    0.0,
    0.016666666666666666,
    0.0,
    0.0
  ],
  "net_rank1_by_layer": [
    0.6,
    1.0,
    1.0,
    0.9833333333333333,
    1.0,
    1.0
  ],
  "nonflip_disruption_by_layer": [
    0.016666666666666666,
    0.0,
    0.0,
    0.0,
    0.0,
    0.0
  ],
  "locus_depth_net30": 0
}