{
  "regime": "adversarial",
  "seed": 6,
  "steps": 1500,
  "depth": 6,
  "early_stop_step": 525,
  "val_acc": 0.8923766816143498,
  "vision_dropout": 0.0,
  "n_train": 1172,
  "n_eval_clusters": 231,
  "trainable_params": 11486210,
  "accuracy": 0.8480725623582767,
  "accuracy_vision_ablated": 0.32123960695389264,
  "grounding_gap": 0.526832955404384,
  "flip_rate": 0.2987012987012987,
  "n_flip_targets": 60,
  "n_nonflip_controls": 60,
  "recovery_rank1_by_layer": [
    0.05,
    0.6166666666666667,
    0.9333333333333333,
    0.9833333333333333,
    1.0,
    1.0
  ],
  "control_rank1_by_layer": [
    0.0,
    0.0,
    0.0,
    0.0,
    0.0,
    0.0
  ],
  "net_rank1_by_layer": [
    0.05,
    0.6166666666666667,
    0.9333333333333333,
    0.9833333333333333,
    1.0,
    1.0
  ],
  "nonflip_disruption_by_layer": [
    0.03333333333333333,
    0.0,
    0.0,
    0.0,
    0.0,
    0.0
  ],
  "locus_depth_net30": 1
}