{
  "regime": "adversarial",
  "seed": 14,
  "steps": 1500,
  "depth": 6,
  "early_stop_step": 525,
  "val_acc": 0.8878923766816144,
  "vision_dropout": 0.0,
  "n_train": 1172,
  "n_eval_clusters": 231,
  "trainable_params": 11486210,
  "accuracy": 0.8420256991685563,
  "accuracy_vision_ablated": 0.4021164021164021,
  "grounding_gap": 0.4399092970521542,
  "flip_rate": 0.2987012987012987
}