{
  "regime": "canonical",
  "seed": 4,
  "steps": 12000,
  "depth": 6,
  "early_stop_step": 7500,
  "val_acc": 0.7537056643726839,
  "vision_dropout": 0.0,
  "use_ground": true,
  "n_train": 86288,
  "n_eval_clusters": 2000,
  "trainable_params": 14078592,
  "accuracy": 0.6653571428571429,
  "accuracy_vision_ablated": 0.5065,
  "grounding_gap": 0.15885714285714292,
  "flip_rate": 0.73
}