{
  "regime": "augmented",
  "seed": 10,
  "steps": 2000,
  "depth": 6,
  "early_stop_step": 225,
  "val_acc": 0.9192825112107623,
  "vision_dropout": 0.0,
  "n_train": 6862,
  "n_eval_clusters": 231,
  "trainable_params": 13861634,
  "accuracy": 0.891912320483749,
  "accuracy_vision_ablated": 0.8148148148148148,
  "grounding_gap": 0.07709750566893425,
  "flip_rate": 0.11688311688311688
}