{
  "regime": "canonical",
  "seed": 0,
  "steps": 12000,
  "depth": 6,
  "early_stop_step": 8500,
  "val_acc": 0.7557570142932769,
  "vision_dropout": 0.0,
  "use_ground": true,
  "n_train": 86288,
  "n_eval_clusters": 2000,
  "trainable_params": 14078592,
  "accuracy": 0.6756836734693877,
  "accuracy_vision_ablated": 0.4935,
  "grounding_gap": 0.18218367346938774,
  "flip_rate": 0.642
}