{
  "regime": "augmented",
  "seed": 7,
  "steps": 1500,
  "depth": 6,
  "early_stop_step": 300,
  "val_acc": 0.9103139013452914,
  "vision_dropout": 0.0,
  "n_train": 6862,
  "n_eval_clusters": 231,
  "trainable_params": 11486210,
  "accuracy": 0.8835978835978836,
  "accuracy_vision_ablated": 0.7709750566893424,
  "grounding_gap": 0.1126228269085412,
  "flip_rate": 0.09956709956709957,
  "n_flip_targets": 23,
  "n_nonflip_controls": 60,
  "recovery_rank1_by_layer": [
    0.0,
    0.9565217391304348,
    0.9565217391304348,
    1.0,
    1.0,
    1.0
  ],
  "control_rank1_by_layer": [
    0.0,
    0.0,
    0.0,
    0.043478260869565216,
    0.043478260869565216,
    0.0
  ],
  "net_rank1_by_layer": [
    0.0,
    0.9565217391304348,
    0.9565217391304348,
    0.9565217391304348,
    0.9565217391304348,
    1.0
  ],
  "nonflip_disruption_by_layer": [
    0.0,
    0.0,
    0.0,
    0.0,
    0.0,
    0.0
  ],
  "locus_depth_net30": 1
}