{
  "regime": "adversarial",
  "seed": 8,
  "steps": 2000,
  "depth": 6,
  "early_stop_step": 150,
  "val_acc": 0.8878923766816144,
  "vision_dropout": 0.0,
  "n_train": 1172,
  "n_eval_clusters": 231,
  "trainable_params": 13861248,
  "accuracy": 0.8427815570672713,
  "accuracy_vision_ablated": 0.8049886621315193,
  "grounding_gap": 0.037792894935752,
  "flip_rate": 0.30303030303030304
}