{
  "regime": "adversarial",
  "seed": 2,
  "steps": 1500,
  "depth": 6,
  "early_stop_step": 150,
  "val_acc": 0.8565022421524664,
  "vision_dropout": 0.0,
  "n_train": 1172,
  "n_eval_clusters": 231,
  "trainable_params": 11486210,
  "accuracy": 0.8291761148904006,
  "accuracy_vision_ablated": 0.6969009826152683,
  "grounding_gap": 0.1322751322751322,
  "flip_rate": 0.26406926406926406
}