{
  "regime": "adversarial",
  "seed": 20,
  "steps": 1500,
  "depth": 6,
  "early_stop_step": 150,
  "val_acc": 0.8789237668161435,
  "vision_dropout": 0.0,
  "n_train": 1172,
  "n_eval_clusters": 231,
  "trainable_params": 11486210,
  "accuracy": 0.8359788359788359,
  "accuracy_vision_ablated": 0.5857898715041572,
  "grounding_gap": 0.25018896447467875,
  "flip_rate": 0.3203463203463203
}