{
  "regime": "augmented",
  "seed": 1,
  "steps": 2000,
  "depth": 2,
  "early_stop_step": 150,
  "val_acc": 0.9147982062780269,
  "vision_dropout": 0.0,
  "n_train": 6862,
  "n_eval_clusters": 231,
  "trainable_params": 5204226,
  "accuracy": 0.8941798941798942,
  "accuracy_vision_ablated": 0.7739984882842026,
  "grounding_gap": 0.1201814058956916,
  "flip_rate": 0.09090909090909091
}