{
  "regime": "canonical",
  "seed": 22,
  "steps": 1500,
  "depth": 6,
  "early_stop_step": 300,
  "val_acc": 0.8968609865470852,
  "vision_dropout": 0.0,
  "n_train": 1172,
  "n_eval_clusters": 231,
  "trainable_params": 11486210,
  "accuracy": 0.8238851095993953,
  "accuracy_vision_ablated": 0.32123960695389264,
  "grounding_gap": 0.5026455026455027,
  "flip_rate": 0.26406926406926406
}