{
  "regime": "adversarial",
  "seed": 11,
  "steps": 2000,
  "depth": 6,
  "early_stop_step": 150,
  "val_acc": 0.8878923766816144,
  "vision_dropout": 0.0,
  "use_ground": true,
  "n_train": 1172,
  "n_eval_clusters": 231,
  "trainable_params": 14306304,
  "accuracy": 0.854119425547997,
  "accuracy_vision_ablated": 0.7906273620559335,
  "grounding_gap": 0.06349206349206349,
  "flip_rate": 0.29004329004329005
}