{
  "regime": "augmented",
  "seed": 1,
  "steps": 2000,
  "depth": 6,
  "early_stop_step": 675,
  "val_acc": 0.9103139013452914,
  "vision_dropout": 0.25,
  "n_train": 6862,
  "n_eval_clusters": 231,
  "trainable_params": 13861248,
  "accuracy": 0.8881330309901738,
  "accuracy_vision_ablated": 0.7535903250188964,
  "grounding_gap": 0.13454270597127738,
  "flip_rate": 0.08658008658008658
}