{
  "regime": "augmented",
  "seed": 1,
  "steps": 12000,
  "depth": 6,
  "early_stop_step": 6000,
  "val_acc": 0.7521836950767602,
  "vision_dropout": 0.0,
  "use_ground": true,
  "n_train": 4228112,
  "n_eval_clusters": 2000,
  "trainable_params": 14078592,
  "accuracy": 0.7479897959183673,
  "accuracy_vision_ablated": 0.4935,
  "grounding_gap": 0.25448979591836735,
  "flip_rate": 0.0635
}