{
  "regime": "augmented",
  "seed": 2,
  "steps": 1500,
  "depth": 6,
  "early_stop_step": 300,
  "val_acc": 0.9103139013452914,
  "vision_dropout": 0.9,
  "n_train": 6862,
  "n_eval_clusters": 231,
  "trainable_params": 11486210,
  "accuracy": 0.891156462585034,
  "accuracy_vision_ablated": 0.8027210884353742,
  "grounding_gap": 0.08843537414965985,
  "flip_rate": 0.06060606060606061
}