{
  "layer": 1,
  "sae_dict": 2048,
  "topk": 16,
  "var_explained": 0.9987319707870483,
  "n_examples": 1323,
  "n_flip_clusters": 26,
  "sae_feature_max_cos_with_E_dir": {
    "feature": 13,
    "cos": -0.7370408773422241,
    "flip_pointbiserial": 0.42207317384122156
  },
  "sae_feature_max_flip_pb": {
    "feature": 439,
    "pb": 0.4327838936496529,
    "cos_with_E_dir": 0.15489038825035095
  },
  "pca_top20_max_cos_with_E_dir": 0.5193287134170532,
  "random_dir_mean_cos_with_E_dir": 0.04276863217013796,
  "register_selectivity_of_top_flip_feature": {
    "original": 0.023720625787973404,
    "lexical_substitution": 0.07094349712133408,
    "scope_quantification": 0.06112198159098625,
    "syntactic_restructuring": 0.04304799437522888,
    "negation_pattern": 0.02968856506049633,
    "specificity_modulation": 0.01291138306260109
  }
}