{
  "regime": "adversarial",
  "seed": 1,
  "steps": 12000,
  "depth": 6,
  "early_stop_step": 12000,
  "val_acc": 0.6020381154049762,
  "vision_dropout": 0.0,
  "use_ground": true,
  "n_train": 86288,
  "n_eval_clusters": 2000,
  "trainable_params": 14078592,
  "accuracy": 0.57974,
  "accuracy_vision_ablated": 0.4935,
  "grounding_gap": 0.08624000000000004,
  "flip_rate": 0.898
}