{
  "regime": "adversarial",
  "seed": 0,
  "steps": 2000,
  "depth": 6,
  "early_stop_step": 150,
  "val_acc": 0.8923766816143498,
  "vision_dropout": 0.0,
  "n_train": 1172,
  "n_eval_clusters": 231,
  "trainable_params": 13861634,
  "accuracy": 0.8420256991685563,
  "accuracy_vision_ablated": 0.7906273620559335,
  "grounding_gap": 0.05139833711262276,
  "flip_rate": 0.30303030303030304,
  "n_flip_targets": 60,
  "n_nonflip_controls": 60,
  "recovery_rank1_by_layer": [
    1.0,
    1.0,
    1.0,
    1.0,
    1.0,
    0.6
  ],
  "control_rank1_by_layer": [
    0.0,
    0.0,
    0.0,
    0.0,
    0.0,
    0.0
  ],
  "net_rank1_by_layer": [
    1.0,
    1.0,
    1.0,
    1.0,
    1.0,
    0.6
  ],
  "nonflip_disruption_by_layer": [
    0.0,
    0.0,
    0.0,
    0.0,
    0.0,
    0.0
  ],
  "locus_depth_net30": 0
}