{
  "regime": "augmented",
  "seed": 2,
  "steps": 2000,
  "depth": 8,
  "early_stop_step": 375,
  "val_acc": 0.9282511210762332,
  "vision_dropout": 0.0,
  "n_train": 6862,
  "n_eval_clusters": 231,
  "trainable_params": 18189952,
  "accuracy": 0.8888888888888888,
  "accuracy_vision_ablated": 0.8027210884353742,
  "grounding_gap": 0.08616780045351469,
  "flip_rate": 0.10822510822510822
}