{
  "regime": "augmented",
  "seed": 1,
  "steps": 2000,
  "depth": 4,
  "early_stop_step": 600,
  "val_acc": 0.9147982062780269,
  "vision_dropout": 0.0,
  "n_train": 6862,
  "n_eval_clusters": 231,
  "trainable_params": 9532544,
  "accuracy": 0.8805744520030234,
  "accuracy_vision_ablated": 0.32123960695389264,
  "grounding_gap": 0.5593348450491308,
  "flip_rate": 0.08658008658008658
}