{
  "regime": "canonical",
  "seed": 2,
  "steps": 1500,
  "depth": 6,
  "early_stop_step": 450,
  "val_acc": 0.9237668161434978,
  "vision_dropout": 0.0,
  "n_train": 1172,
  "n_eval_clusters": 231,
  "trainable_params": 11486210,
  "accuracy": 0.8306878306878307,
  "accuracy_vision_ablated": 0.6787603930461074,
  "grounding_gap": 0.15192743764172334,
  "flip_rate": 0.3116883116883117
}