{
  "regime": "augmented",
  "seed": 16,
  "steps": 1500,
  "depth": 6,
  "early_stop_step": 225,
  "val_acc": 0.905829596412556,
  "vision_dropout": 0.0,
  "n_train": 6862,
  "n_eval_clusters": 231,
  "trainable_params": 11486210,
  "accuracy": 0.8866213151927438,
  "accuracy_vision_ablated": 0.6787603930461074,
  "grounding_gap": 0.20786092214663643,
  "flip_rate": 0.12121212121212122
}