{
  "regime": "canonical",
  "seed": 17,
  "steps": 1500,
  "depth": 6,
  "early_stop_step": 150,
  "val_acc": 0.8968609865470852,
  "vision_dropout": 0.0,
  "n_train": 1172,
  "n_eval_clusters": 231,
  "trainable_params": 11486210,
  "accuracy": 0.8647014361300076,
  "accuracy_vision_ablated": 0.32123960695389264,
  "grounding_gap": 0.543461829176115,
  "flip_rate": 0.23376623376623376
}