{
  "regime": "adversarial",
  "seed": 3,
  "steps": 2000,
  "depth": 6,
  "early_stop_step": 225,
  "val_acc": 0.8834080717488789,
  "vision_dropout": 0.0,
  "n_train": 1172,
  "n_eval_clusters": 231,
  "trainable_params": 13861634,
  "accuracy": 0.8488284202569917,
  "accuracy_vision_ablated": 0.7664399092970522,
  "grounding_gap": 0.08238851095993949,
  "flip_rate": 0.31601731601731603,
  "per_layer_dispersion_flip_corr": {
    "0": 0.8957797320671302,
    "1": 0.8974366849825332,
    "2": 0.8826371576206119,
    "3": 0.8721970776523634,
    "4": 0.8743295241069051,
    "5": 0.8685758944468707
  },
  "flip_fraction": 0.31601731601731603,
  "phenomenon_disagreement": {
    "original": 0.012987012987012988,
    "lexical_substitution": 0.17120622568093385,
    "scope_quantification": 0.15486725663716813,
    "syntactic_restructuring": 0.06696428571428571,
    "negation_pattern": 0.010869565217391304,
    "specificity_modulation": 0.08955223880597014
  }
}