{
  "regime": "adversarial",
  "seed": 3,
  "steps": 2000,
  "depth": 6,
  "early_stop_step": 675,
  "val_acc": 0.905829596412556,
  "vision_dropout": 0.0,
  "n_train": 1172,
  "n_eval_clusters": 231,
  "trainable_params": 13861248,
  "accuracy": 0.8586545729402872,
  "accuracy_vision_ablated": 0.7157974300831443,
  "grounding_gap": 0.1428571428571429,
  "flip_rate": 0.30303030303030304,
  "per_layer_dispersion_flip_corr": {
    "0": 0.9237977133268302,
    "1": 0.9254992736935503,
    "2": 0.9260714350637215,
    "3": 0.9235699497014778,
    "4": 0.9217503970107608,
    "5": 0.9162379100541382
  },
  "flip_fraction": 0.30303030303030304,
  "phenomenon_disagreement": {
    "original": 0.017316017316017316,
    "lexical_substitution": 0.14007782101167315,
    "scope_quantification": 0.12831858407079647,
    "syntactic_restructuring": 0.07589285714285714,
    "negation_pattern": 0.02717391304347826,
    "specificity_modulation": 0.08955223880597014
  }
}