{
  "regime": "augmented",
  "seed": 5,
  "steps": 12000,
  "depth": 6,
  "early_stop_step": 8500,
  "val_acc": 0.7513896241397565,
  "vision_dropout": 0.0,
  "use_ground": true,
  "n_train": 4228112,
  "n_eval_clusters": 2000,
  "trainable_params": 14078592,
  "accuracy": 0.7546224489795919,
  "accuracy_vision_ablated": 0.5065,
  "grounding_gap": 0.2481224489795919,
  "flip_rate": 0.0525
}