{
  "regime": "augmented",
  "seed": 3,
  "steps": 2000,
  "depth": 6,
  "early_stop_step": 225,
  "val_acc": 0.9237668161434978,
  "vision_dropout": 0.0,
  "n_train": 6862,
  "n_eval_clusters": 231,
  "trainable_params": 13861634,
  "accuracy": 0.8851095993953136,
  "accuracy_vision_ablated": 0.7845804988662132,
  "grounding_gap": 0.10052910052910047,
  "flip_rate": 0.09956709956709957
}