{
  "regime": "augmented",
  "seed": 3,
  "steps": 2000,
  "depth": 6,
  "early_stop_step": 525,
  "val_acc": 0.9192825112107623,
  "vision_dropout": 0.0,
  "n_train": 6862,
  "n_eval_clusters": 231,
  "trainable_params": 13861248,
  "accuracy": 0.8798185941043084,
  "accuracy_vision_ablated": 0.7399848828420257,
  "grounding_gap": 0.13983371126228272,
  "flip_rate": 0.09956709956709957
}