{
  "regime": "augmented",
  "seed": 1,
  "steps": 2000,
  "depth": 6,
  "early_stop_step": 225,
  "val_acc": 0.8968609865470852,
  "vision_dropout": 0.75,
  "n_train": 6862,
  "n_eval_clusters": 231,
  "trainable_params": 13861634,
  "accuracy": 0.8760393046107332,
  "accuracy_vision_ablated": 0.8238851095993953,
  "grounding_gap": 0.05215419501133789,
  "flip_rate": 0.08225108225108226
}