{
  "regime": "augmented",
  "seed": 1,
  "steps": 2000,
  "depth": 6,
  "early_stop_step": 150,
  "val_acc": 0.8968609865470852,
  "vision_dropout": 0.75,
  "n_train": 6862,
  "n_eval_clusters": 231,
  "trainable_params": 13861248,
  "accuracy": 0.8926681783824642,
  "accuracy_vision_ablated": 0.8276643990929705,
  "grounding_gap": 0.06500377928949364,
  "flip_rate": 0.09090909090909091
}