{
  "regime": "adversarial",
  "seed": 4,
  "steps": 1500,
  "depth": 6,
  "early_stop_step": 150,
  "val_acc": 0.8654708520179372,
  "vision_dropout": 0.0,
  "n_train": 1172,
  "n_eval_clusters": 231,
  "trainable_params": 11486210,
  "accuracy": 0.8329554043839759,
  "accuracy_vision_ablated": 0.7739984882842026,
  "grounding_gap": 0.05895691609977327,
  "flip_rate": 0.354978354978355
}