{
  "regime": "augmented",
  "seed": 1,
  "steps": 1500,
  "depth": 6,
  "early_stop_step": 900,
  "val_acc": 0.9147982062780269,
  "vision_dropout": 0.0,
  "n_train": 6862,
  "n_eval_clusters": 231,
  "trainable_params": 11486210,
  "accuracy": 0.8533635676492819,
  "accuracy_vision_ablated": 0.32123960695389264,
  "grounding_gap": 0.5321239606953893,
  "flip_rate": 0.08225108225108226
}