{
  "overall": {
    "n": 1164,
    "acc": 0.7250859106529209,
    "auc": 0.7937536216810543,
    "flip": 0.03350515463917526
  },
  "mimic": {
    "n": 98,
    "acc": 0.6632653061224489,
    "auc": 0.7133192389006343
  },
  "nih": {
    "n": 918,
    "acc": 0.6873638344226579,
    "auc": 0.7330418974658369
  },
  "padchest": {
    "n": 148,
    "acc": 1.0,
    "auc": 1.0
  },
  "per_finding_nih": {
    "is there atelectasis?": {
      "n": 136,
      "acc": 0.6911764705882353,
      "auc": 0.7400519031141869
    },
    "is there cardiomegaly?": {
      "n": 50,
      "acc": 0.76,
      "auc": 0.7824
    },
    "is there consolidation?": {
      "n": 56,
      "acc": 0.7142857142857143,
      "auc": 0.7525510204081632
    },
    "is there edema?": {
      "n": 30,
      "acc": 0.8,
      "auc": 0.8488888888888889
    },
    "is there emphysema?": {
      "n": 30,
      "acc": 0.8,
      "auc": 0.8755555555555555
    },
    "is there fibrosis?": {
      "n": 52,
      "acc": 0.7692307692307693,
      "auc": 0.8298816568047338
    },
    "is there infiltrates?": {
      "n": 234,
      "acc": 0.5854700854700855,
      "auc": 0.5933961574987215
    },
    "is there mass?": {
      "n": 44,
      "acc": 0.5909090909090909,
      "auc": 0.6900826446280992
    },
    "is there nodule?": {
      "n": 46,
      "acc": 0.5869565217391305,
      "auc": 0.6370510396975425
    },
    "is there pleural effusion?": {
      "n": 128,
      "acc": 0.7734375,
      "auc": 0.820068359375
    },
    "is there pleural thickening?": {
      "n": 40,
      "acc": 0.65,
      "auc": 0.7225000000000001
    },
    "is there pneumonia?": {
      "n": 20,
      "acc": 0.75,
      "auc": 0.81
    },
    "is there pneumothorax?": {
      "n": 52,
      "acc": 0.7884615384615384,
      "auc": 0.7751479289940827
    }
  },
  "nih_mean_per_finding_auc": 0.7598134734588442
}