{
  "regime": "adversarial",
  "seed": 21,
  "steps": 1500,
  "depth": 6,
  "early_stop_step": 300,
  "val_acc": 0.8385650224215246,
  "vision_dropout": 0.0,
  "n_train": 1172,
  "n_eval_clusters": 231,
  "trainable_params": 11486210,
  "accuracy": 0.8155706727135299,
  "accuracy_vision_ablated": 0.6787603930461074,
  "grounding_gap": 0.13681027966742254,
  "flip_rate": 0.35064935064935066
}