{
  "regime": "augmented",
  "seed": 1,
  "steps": 2000,
  "depth": 8,
  "early_stop_step": 300,
  "val_acc": 0.9192825112107623,
  "vision_dropout": 0.0,
  "n_train": 6862,
  "n_eval_clusters": 231,
  "trainable_params": 18189952,
  "accuracy": 0.8820861678004536,
  "accuracy_vision_ablated": 0.781557067271353,
  "grounding_gap": 0.10052910052910058,
  "flip_rate": 0.1038961038961039
}