{
  "regime": "canonical",
  "seed": 2,
  "steps": 12000,
  "depth": 6,
  "early_stop_step": 6000,
  "val_acc": 0.7531762837480148,
  "vision_dropout": 0.0,
  "use_ground": true,
  "n_train": 86288,
  "n_eval_clusters": 2000,
  "trainable_params": 14078592,
  "accuracy": 0.66622,
  "accuracy_vision_ablated": 0.5065,
  "grounding_gap": 0.15972000000000008,
  "flip_rate": 0.652
}