{
  "regime": "augmented",
  "seed": 3,
  "steps": 12000,
  "depth": 6,
  "early_stop_step": 8500,
  "val_acc": 0.7508602435150874,
  "vision_dropout": 0.0,
  "use_ground": true,
  "n_train": 2157200,
  "n_eval_clusters": 2000,
  "trainable_params": 14078592,
  "accuracy": 0.74672,
  "accuracy_vision_ablated": 0.5065,
  "grounding_gap": 0.2402200000000001,
  "flip_rate": 0.2615
}