{
  "regime": "adversarial",
  "seed": 0,
  "steps": 2000,
  "depth": 6,
  "early_stop_step": 525,
  "val_acc": 0.8968609865470852,
  "vision_dropout": 0.0,
  "n_train": 1172,
  "n_eval_clusters": 231,
  "trainable_params": 13861248,
  "accuracy": 0.8420256991685563,
  "accuracy_vision_ablated": 0.7490551776266062,
  "grounding_gap": 0.09297052154195007,
  "flip_rate": 0.2857142857142857,
  "per_layer_dispersion_flip_corr": {
    "0": 0.8940293904628926,
    "1": 0.9185346780696192,
    "2": 0.9257033224483692,
    "3": 0.9254010031016422,
    "4": 0.9242588906339334,
    "5": 0.9122932530531219
  },
  "flip_fraction": 0.2857142857142857,
  "phenomenon_disagreement": {
    "original": 0.06926406926406926,
    "lexical_substitution": 0.1245136186770428,
    "scope_quantification": 0.13274336283185842,
    "syntactic_restructuring": 0.10714285714285714,
    "negation_pattern": 0.043478260869565216,
    "specificity_modulation": 0.08955223880597014
  }
}