{
  "regime": "adversarial",
  "seed": 0,
  "steps": 2000,
  "depth": 6,
  "early_stop_step": 375,
  "val_acc": 0.905829596412556,
  "vision_dropout": 0.0,
  "n_train": 1172,
  "n_eval_clusters": 231,
  "trainable_params": 13861634,
  "accuracy": 0.8269085411942555,
  "accuracy_vision_ablated": 0.7770219198790628,
  "grounding_gap": 0.049886621315192725,
  "flip_rate": 0.30303030303030304,
  "per_layer_dispersion_flip_corr": {
    "0": 0.9294977470393935,
    "1": 0.9271326764980223,
    "2": 0.9205742542838312,
    "3": 0.9157445595298194,
    "4": 0.914007308725931,
    "5": 0.9141822245673935
  },
  "flip_fraction": 0.30303030303030304,
  "phenomenon_disagreement": {
    "original": 0.03896103896103896,
    "lexical_substitution": 0.14396887159533073,
    "scope_quantification": 0.13716814159292035,
    "syntactic_restructuring": 0.11607142857142858,
    "negation_pattern": 0.021739130434782608,
    "specificity_modulation": 0.0845771144278607
  }
}