{
  "B_provenance": {
    "adversarial": {
      "flip": {
        "mean": 0.3041125541125541,
        "std": 0.030744313228012535,
        "ci95": [
          0.2895021645021645,
          0.31926406926406925
        ],
        "n": 16
      },
      "grounding_gap": {
        "mean": 0.10662320483749055,
        "std": 0.04691000266980954,
        "ci95": [
          0.08465608465608465,
          0.13170823885109598
        ],
        "n": 16
      },
      "accuracy": {
        "mean": 0.8437263794406652,
        "std": 0.011458479165378326,
        "ci95": [
          0.8381519274376418,
          0.8490646258503399
        ],
        "n": 16
      }
    },
    "canonical": {
      "flip": {
        "mean": 0.3027597402597403,
        "std": 0.07927027452830385,
        "ci95": [
          0.2643398268398268,
          0.34172077922077926
        ],
        "n": 16
      },
      "grounding_gap": {
        "mean": 0.19633408919123205,
        "std": 0.12377750068772927,
        "ci95": [
          0.1377551020408163,
          0.2611016628873772
        ],
        "n": 16
      },
      "accuracy": {
        "mean": 0.8253968253968255,
        "std": 0.04216576169608874,
        "ci95": [
          0.8044690098261527,
          0.8447656840513982
        ],
        "n": 16
      }
    },
    "augmented": {
      "flip": {
        "mean": 0.0836038961038961,
        "std": 0.012594980316349978,
        "ci95": [
          0.07765151515151514,
          0.09036796536796536
        ],
        "n": 16
      },
      "grounding_gap": {
        "mean": 0.13818027210884354,
        "std": 0.09854500751509138,
        "ci95": [
          0.10085978835978836,
          0.19005102040816324
        ],
        "n": 16
      },
      "accuracy": {
        "mean": 0.8879440665154951,
        "std": 0.007311240408976995,
        "ci95": [
          0.8844009826152681,
          0.891628873771731
        ],
        "n": 16
      }
    }
  },
  "B_provenance_pairwise_mwu": {
    "adversarial_vs_canonical": 0.6239742949247957,
    "adversarial_vs_augmented": 1.442455510336337e-06,
    "canonical_vs_augmented": 1.4456693139003852e-06
  },
  "D_grounding_sweep": {
    "0.0": {
      "flip": {
        "mean": 0.08051948051948052,
        "std": 0.01765894203841657,
        "ci95": [
          0.06493506493506493,
          0.09523809523809525
        ],
        "n": 5
      },
      "grounding_gap": {
        "mean": 0.18442932728647016,
        "std": 0.11761110042353223,
        "ci95": [
          0.09206349206349204,
          0.2984126984126984
        ],
        "n": 5
      }
    },
    "0.25": {
      "flip": {
        "mean": 0.07532467532467532,
        "std": 0.007547876958511989,
        "ci95": [
          0.06839826839826839,
          0.0813852813852814
        ],
        "n": 5
      },
      "grounding_gap": {
        "mean": 0.10959939531368101,
        "std": 0.032780189802139426,
        "ci95": [
          0.07921390778533637,
          0.1363567649281935
        ],
        "n": 5
      }
    },
    "0.5": {
      "flip": {
        "mean": 0.09264069264069263,
        "std": 0.008029106922507103,
        "ci95": [
          0.08484848484848487,
          0.0987012987012987
        ],
        "n": 5
      },
      "grounding_gap": {
        "mean": 0.07301587301587302,
        "std": 0.05445870922303107,
        "ci95": [
          0.022524565381708196,
          0.11292517006802723
        ],
        "n": 5
      }
    },
    "0.75": {
      "flip": {
        "mean": 0.12813852813852816,
        "std": 0.051702159746609924,
        "ci95": [
          0.08831168831168831,
          0.17922077922077922
        ],
        "n": 5
      },
      "grounding_gap": {
        "mean": 0.06001511715797429,
        "std": 0.03840353243054055,
        "ci95": [
          0.027362055933484508,
          0.09266817838246408
        ],
        "n": 5
      }
    },
    "0.9": {
      "flip": {
        "mean": 0.09437229437229437,
        "std": 0.027296766702050987,
        "ci95": [
          0.07359307359307359,
          0.12034632034632034
        ],
        "n": 5
      },
      "grounding_gap": {
        "mean": 0.055782312925170066,
        "std": 0.03382799782343707,
        "ci95": [
          0.02373393801965231,
          0.08374905517762658
        ],
        "n": 5
      }
    }
  },
  "C_architecture": {
    "2": {
      "flip": {
        "mean": 0.07647907647907648,
        "std": 0.010798434016663614,
        "ci95": [
          0.06493506493506493,
          0.0909090909090909
        ],
        "n": 3
      },
      "accuracy": {
        "mean": 0.8871252204585538,
        "std": 0.008929224059798142,
        "ci95": [
          0.8745275888133031,
          0.8941798941798943
        ],
        "n": 3
      }
    },
    "4": {
      "flip": {
        "mean": 0.08802308802308802,
        "std": 0.008162848844866347,
        "ci95": [
          0.08225108225108226,
          0.09956709956709957
        ],
        "n": 3
      },
      "accuracy": {
        "mean": 0.8815822625346436,
        "std": 0.010259144908794317,
        "ci95": [
          0.8699924414210128,
          0.8949357520786091
        ],
        "n": 3
      }
    },
    "6": {
      "flip": {
        "mean": 0.09379509379509378,
        "std": 0.019467153770897607,
        "ci95": [
          0.06926406926406926,
          0.11688311688311688
        ],
        "n": 3
      },
      "accuracy": {
        "mean": 0.8858654572940287,
        "std": 0.00855155593271712,
        "ci95": [
          0.873771730914588,
          0.891912320483749
        ],
        "n": 3
      }
    },
    "8": {
      "flip": {
        "mean": 0.08802308802308804,
        "std": 0.01136220472440377,
        "ci95": [
          0.07792207792207792,
          0.10389610389610389
        ],
        "n": 3
      },
      "accuracy": {
        "mean": 0.8823381204333586,
        "std": 0.005138845566734957,
        "ci95": [
          0.8752834467120182,
          0.8873771730914588
        ],
        "n": 3
      }
    }
  },
  "A_divergence": {
    "adversarial": {
      "per_layer_corr_mean": [
        0.8999769635079851,
        0.9042833584746442,
        0.8988467412073963,
        0.8913317837186999,
        0.8877314772325078,
        0.8847677300867861
      ],
      "phenomenon_disagreement": {
        "original": 0.029581529581529584,
        "lexical_substitution": 0.13683527885862515,
        "scope_quantification": 0.12831858407079647,
        "syntactic_restructuring": 0.09226190476190477,
        "negation_pattern": 0.023550724637681156,
        "specificity_modulation": 0.08208955223880597
      }
    },
    "augmented": {
      "per_layer_corr_mean": [
        0.6375025605683766,
        0.6211919176152174,
        0.5833418869270912,
        0.5617315168435703,
        0.5482347993094934,
        0.5304875985492163
      ],
      "phenomenon_disagreement": {
        "original": 0.010101010101010102,
        "lexical_substitution": 0.04280155642023346,
        "scope_quantification": 0.01696165191740413,
        "syntactic_restructuring": 0.017113095238095236,
        "negation_pattern": 0.007246376811594203,
        "specificity_modulation": 0.025704809286898837
      }
    }
  },
  "E_patching": {
    "adversarial": {
      "net_rank1_by_layer_mean": [
        1.0,
        1.0,
        1.0,
        0.9972222222222222,
        0.9972222222222222,
        0.6453065134099617
      ],
      "locus_depth_median": 0.0,
      "mean_flip_targets": 59.666666666666664
    },
    "augmented": {
      "net_rank1_by_layer_mean": [
        0.9823369565217391,
        0.9927536231884058,
        0.9927536231884058,
        0.9920634920634921,
        0.9927536231884058,
        0.6507342792189339
      ],
      "locus_depth_median": 0.0,
      "mean_flip_targets": 18.833333333333332
    }
  }
}