{
  "B_provenance": {
    "adversarial": {
      "flip": {
        "mean": 0.3306277056277056,
        "std": 0.05199031019301943,
        "ci95": [
          0.30438311688311687,
          0.35551948051948046
        ],
        "n": 16
      },
      "grounding_gap": {
        "mean": 0.06972789115646257,
        "std": 0.05138478824134519,
        "ci95": [
          0.045304232804232805,
          0.09542705971277396
        ],
        "n": 16
      },
      "accuracy": {
        "mean": 0.8364040060468632,
        "std": 0.023154076631420068,
        "ci95": [
          0.8242630385487527,
          0.8471749811035525
        ],
        "n": 16
      }
    },
    "canonical": {
      "flip": {
        "mean": 0.2949134199134199,
        "std": 0.0638413482992473,
        "ci95": [
          0.2662337662337662,
          0.32711038961038963
        ],
        "n": 16
      },
      "grounding_gap": {
        "mean": 0.23266250944822373,
        "std": 0.18719908887540768,
        "ci95": [
          0.14342403628117914,
          0.3287981859410431
        ],
        "n": 16
      },
      "accuracy": {
        "mean": 0.8259164777021919,
        "std": 0.035122715382013066,
        "ci95": [
          0.8076341647770218,
          0.8425925925925928
        ],
        "n": 16
      }
    },
    "augmented": {
      "flip": {
        "mean": 0.09523809523809523,
        "std": 0.011036838774010358,
        "ci95": [
          0.08982683982683982,
          0.1009199134199134
        ],
        "n": 16
      },
      "grounding_gap": {
        "mean": 0.19406651549508694,
        "std": 0.1579538434243576,
        "ci95": [
          0.12466931216931218,
          0.27414021164021163
        ],
        "n": 16
      },
      "accuracy": {
        "mean": 0.8822278911564626,
        "std": 0.00775546094529886,
        "ci95": [
          0.8784013605442176,
          0.8861489040060467
        ],
        "n": 16
      }
    }
  },
  "B_provenance_pairwise_mwu": {
    "adversarial_vs_canonical": 0.06173820300219712,
    "adversarial_vs_augmented": 1.4946005170517517e-06,
    "canonical_vs_augmented": 1.4879973699613554e-06
  },
  "D_grounding_sweep": {
    "0.0": {
      "flip": {
        "mean": 0.09523809523809525,
        "std": 0.007743958363635635,
        "ci95": [
          0.08917748917748917,
          0.10303030303030303
        ],
        "n": 5
      },
      "grounding_gap": {
        "mean": 0.14119425547996978,
        "std": 0.04822207528714678,
        "ci95": [
          0.10022675736961455,
          0.182161753590325
        ],
        "n": 5
      }
    },
    "0.25": {
      "flip": {
        "mean": 0.08484848484848485,
        "std": 0.01514532959700078,
        "ci95": [
          0.070995670995671,
          0.0987012987012987
        ],
        "n": 5
      },
      "grounding_gap": {
        "mean": 0.11534391534391533,
        "std": 0.012407125943270243,
        "ci95": [
          0.10491307634164777,
          0.12683295540438394
        ],
        "n": 5
      }
    },
    "0.5": {
      "flip": {
        "mean": 0.09696969696969696,
        "std": 0.02234370199231851,
        "ci95": [
          0.07878787878787878,
          0.11688311688311688
        ],
        "n": 5
      },
      "grounding_gap": {
        "mean": 0.13741496598639455,
        "std": 0.06815038818709312,
        "ci95": [
          0.08783068783068784,
          0.20332577475434616
        ],
        "n": 5
      }
    },
    "0.75": {
      "flip": {
        "mean": 0.09610389610389611,
        "std": 0.008394250835352952,
        "ci95": [
          0.09090909090909091,
          0.1038961038961039
        ],
        "n": 5
      },
      "grounding_gap": {
        "mean": 0.14300831443688586,
        "std": 0.10092036227067541,
        "ci95": [
          0.07679516250944822,
          0.24293272864701435
        ],
        "n": 5
      }
    },
    "0.9": {
      "flip": {
        "mean": 0.10909090909090909,
        "std": 0.03312749172243981,
        "ci95": [
          0.08051948051948052,
          0.13766233766233768
        ],
        "n": 5
      },
      "grounding_gap": {
        "mean": 0.0763416477702192,
        "std": 0.08479768958023719,
        "ci95": [
          -0.009221466364323482,
          0.13529856386999245
        ],
        "n": 5
      }
    }
  },
  "C_architecture": {
    "2": {
      "flip": {
        "mean": 0.09812409812409813,
        "std": 0.008895258301542535,
        "ci95": [
          0.08658008658008658,
          0.10822510822510822
        ],
        "n": 3
      },
      "accuracy": {
        "mean": 0.8813303099017386,
        "std": 0.003854134175051252,
        "ci95": [
          0.8775510204081632,
          0.8866213151927438
        ],
        "n": 3
      }
    },
    "4": {
      "flip": {
        "mean": 0.09090909090909093,
        "std": 0.016197651024995416,
        "ci95": [
          0.0735930735930736,
          0.11255411255411256
        ],
        "n": 3
      },
      "accuracy": {
        "mean": 0.8853615520282186,
        "std": 0.006769981780067722,
        "ci95": [
          0.8805744520030233,
          0.8949357520786091
        ],
        "n": 3
      }
    },
    "6": {
      "flip": {
        "mean": 0.09956709956709957,
        "std": 0.02474232063417351,
        "ci95": [
          0.06926406926406926,
          0.12987012987012986
        ],
        "n": 3
      },
      "accuracy": {
        "mean": 0.8760393046107332,
        "std": 0.0032656793642770778,
        "ci95": [
          0.873015873015873,
          0.8805744520030233
        ],
        "n": 3
      }
    },
    "8": {
      "flip": {
        "mean": 0.10245310245310246,
        "std": 0.005399217008331809,
        "ci95": [
          0.09523809523809523,
          0.10822510822510822
        ],
        "n": 3
      },
      "accuracy": {
        "mean": 0.8858654572940288,
        "std": 0.002828161290078525,
        "ci95": [
          0.8820861678004536,
          0.8888888888888888
        ],
        "n": 3
      }
    }
  },
  "A_divergence": {
    "adversarial": {
      "per_layer_corr_mean": [
        0.8758127727194785,
        0.8841897103696231,
        0.8821362747145595,
        0.8745593803415491,
        0.8615356210000239,
        0.8392172404040968
      ],
      "phenomenon_disagreement": {
        "original": 0.04256854256854257,
        "lexical_substitution": 0.1309987029831388,
        "scope_quantification": 0.14823008849557523,
        "syntactic_restructuring": 0.08854166666666667,
        "negation_pattern": 0.02807971014492754,
        "specificity_modulation": 0.0845771144278607
      }
    },
    "augmented": {
      "per_layer_corr_mean": [
        0.7611394919541447,
        0.7523966439352798,
        0.7259824162054125,
        0.6979899569425464,
        0.6712800911984903,
        0.6466080239421976
      ],
      "phenomenon_disagreement": {
        "original": 0.004329004329004329,
        "lexical_substitution": 0.03372243839169909,
        "scope_quantification": 0.01622418879056047,
        "syntactic_restructuring": 0.01711309523809524,
        "negation_pattern": 0.0018115942028985507,
        "specificity_modulation": 0.03482587064676617
      }
    }
  },
  "E_patching": {
    "adversarial": {
      "net_rank1_by_layer_mean": [
        1.0,
        1.0,
        1.0,
        0.9972222222222222,
        0.9972222222222222,
        0.7305555555555556
      ],
      "locus_depth_median": 0.0,
      "mean_flip_targets": 60.0
    },
    "augmented": {
      "net_rank1_by_layer_mean": [
        1.0,
        1.0,
        1.0,
        1.0,
        1.0,
        0.5756986531986532
      ],
      "locus_depth_median": 0.0,
      "mean_flip_targets": 20.0
    }
  }
}