{
  "regime": "adversarial",
  "seed": 1,
  "steps": 2000,
  "depth": 6,
  "early_stop_step": 150,
  "val_acc": 0.8923766816143498,
  "vision_dropout": 0.0,
  "n_train": 1172,
  "n_eval_clusters": 231,
  "trainable_params": 13861248,
  "accuracy": 0.8480725623582767,
  "accuracy_vision_ablated": 0.6848072562358276,
  "grounding_gap": 0.16326530612244905,
  "flip_rate": 0.2727272727272727,
  "per_layer_dispersion_flip_corr": {
    "0": 0.903462895653545,
    "1": 0.8914677202227307,
    "2": 0.8830230458006431,
    "3": 0.8756059616491977,
    "4": 0.8688801255669939,
    "5": 0.8689160845586561
  },
  "flip_fraction": 0.2727272727272727,
  "phenomenon_disagreement": {
    "original": 0.03463203463203463,
    "lexical_substitution": 0.14785992217898833,
    "scope_quantification": 0.09734513274336283,
    "syntactic_restructuring": 0.05803571428571429,
    "negation_pattern": 0.016304347826086956,
    "specificity_modulation": 0.1044776119402985
  }
}