{
  "regime": "adversarial",
  "seed": 6,
  "steps": 2000,
  "depth": 6,
  "early_stop_step": 75,
  "val_acc": 0.8968609865470852,
  "vision_dropout": 0.0,
  "n_train": 1172,
  "n_eval_clusters": 231,
  "trainable_params": 13861248,
  "accuracy": 0.8533635676492819,
  "accuracy_vision_ablated": 0.7860922146636432,
  "grounding_gap": 0.06727135298563869,
  "flip_rate": 0.329004329004329
}