{
  "regime": "adversarial",
  "seed": 1,
  "steps": 1500,
  "depth": 6,
  "early_stop_step": 225,
  "val_acc": 0.9013452914798207,
  "vision_dropout": 0.0,
  "n_train": 1172,
  "n_eval_clusters": 231,
  "trainable_params": 11486210,
  "accuracy": 0.8412698412698413,
  "accuracy_vision_ablated": 0.3779289493575208,
  "grounding_gap": 0.4633408919123205,
  "flip_rate": 0.3203463203463203,
  "n_flip_targets": 60,
  "n_nonflip_controls": 60,
  "recovery_rank1_by_layer": [
    0.65,
    0.9333333333333333,
    0.9666666666666667,
    1.0,
    1.0,
    1.0
  ],
  "control_rank1_by_layer": [
    0.0,
    0.0,
    0.0,
    0.016666666666666666,
    0.0,
    0.0
  ],
  "net_rank1_by_layer": [
    0.65,
    0.9333333333333333,
    0.9666666666666667,
    0.9833333333333333,
    1.0,
    1.0
  ],
  "nonflip_disruption_by_layer": [
    0.0,
    0.0,
    0.0,
    0.0,
    0.0,
    0.0
  ],
  "locus_depth_net30": 0
}