{
  "regime": "augmented",
  "seed": 21,
  "steps": 1500,
  "depth": 6,
  "early_stop_step": 375,
  "val_acc": 0.8968609865470852,
  "vision_dropout": 0.0,
  "n_train": 6862,
  "n_eval_clusters": 231,
  "trainable_params": 11486210,
  "accuracy": 0.8510959939531368,
  "accuracy_vision_ablated": 0.6787603930461074,
  "grounding_gap": 0.17233560090702948,
  "flip_rate": 0.10822510822510822
}