{
  "regime": "augmented",
  "seed": 17,
  "steps": 1500,
  "depth": 6,
  "early_stop_step": 150,
  "val_acc": 0.8789237668161435,
  "vision_dropout": 0.0,
  "n_train": 6862,
  "n_eval_clusters": 231,
  "trainable_params": 11486210,
  "accuracy": 0.8170823885109599,
  "accuracy_vision_ablated": 0.3363567649281935,
  "grounding_gap": 0.48072562358276644,
  "flip_rate": 0.10822510822510822
}