{
  "regime": "canonical",
  "seed": 0,
  "steps": 1500,
  "depth": 6,
  "early_stop_step": 225,
  "val_acc": 0.8699551569506726,
  "vision_dropout": 0.0,
  "n_train": 1172,
  "n_eval_clusters": 231,
  "trainable_params": 11486210,
  "accuracy": 0.817838246409675,
  "accuracy_vision_ablated": 0.6787603930461074,
  "grounding_gap": 0.1390778533635676,
  "flip_rate": 0.26406926406926406
}