{
  "regime": "adversarial",
  "seed": 1,
  "steps": 2000,
  "depth": 6,
  "early_stop_step": 450,
  "val_acc": 0.905829596412556,
  "vision_dropout": 0.0,
  "use_ground": true,
  "n_train": 1172,
  "n_eval_clusters": 231,
  "trainable_params": 14306304,
  "accuracy": 0.81859410430839,
  "accuracy_vision_ablated": 0.7747543461829176,
  "grounding_gap": 0.04383975812547236,
  "flip_rate": 0.38095238095238093
}