{
  "regime": "augmented",
  "seed": 12,
  "steps": 2000,
  "depth": 6,
  "early_stop_step": 450,
  "val_acc": 0.9237668161434978,
  "vision_dropout": 0.0,
  "use_ground": true,
  "n_train": 6862,
  "n_eval_clusters": 231,
  "trainable_params": 14306304,
  "accuracy": 0.8654572940287226,
  "accuracy_vision_ablated": 0.7770219198790628,
  "grounding_gap": 0.08843537414965985,
  "flip_rate": 0.07792207792207792
}