{
  "regime": "augmented",
  "seed": 12,
  "steps": 1500,
  "depth": 6,
  "early_stop_step": 300,
  "val_acc": 0.8878923766816144,
  "vision_dropout": 0.0,
  "n_train": 6862,
  "n_eval_clusters": 231,
  "trainable_params": 11486210,
  "accuracy": 0.8888888888888888,
  "accuracy_vision_ablated": 0.328042328042328,
  "grounding_gap": 0.5608465608465608,
  "flip_rate": 0.06493506493506493
}