{
  "regime": "augmented",
  "seed": 18,
  "steps": 1500,
  "depth": 6,
  "early_stop_step": 225,
  "val_acc": 0.8789237668161435,
  "vision_dropout": 0.0,
  "n_train": 6862,
  "n_eval_clusters": 231,
  "trainable_params": 11486210,
  "accuracy": 0.873015873015873,
  "accuracy_vision_ablated": 0.6787603930461074,
  "grounding_gap": 0.19425547996976567,
  "flip_rate": 0.11255411255411256
}