{
  "regime": "adversarial",
  "seed": 13,
  "steps": 2000,
  "depth": 6,
  "early_stop_step": 225,
  "val_acc": 0.8789237668161435,
  "vision_dropout": 0.0,
  "use_ground": true,
  "n_train": 1172,
  "n_eval_clusters": 231,
  "trainable_params": 14306304,
  "accuracy": 0.8458049886621315,
  "accuracy_vision_ablated": 0.7891156462585034,
  "grounding_gap": 0.05668934240362811,
  "flip_rate": 0.2857142857142857
}