{
  "regime": "adversarial",
  "seed": 1,
  "steps": 12000,
  "depth": 6,
  "early_stop_step": 12000,
  "val_acc": 0.5820539968237163,
  "vision_dropout": 0.0,
  "use_ground": true,
  "n_train": 86288,
  "n_eval_clusters": 2000,
  "trainable_params": 14078592,
  "accuracy": 0.5771836734693877,
  "accuracy_vision_ablated": 0.4935,
  "grounding_gap": 0.08368367346938771,
  "flip_rate": 0.876
}