{
  "regime": "adversarial",
  "seed": 4,
  "steps": 1500,
  "depth": 6,
  "early_stop_step": 150,
  "val_acc": 0.8654708520179372,
  "vision_dropout": 0.0,
  "n_train": 1172,
  "n_eval_clusters": 231,
  "trainable_params": 11486210,
  "accuracy": 0.8321995464852607,
  "accuracy_vision_ablated": 0.7739984882842026,
  "grounding_gap": 0.05820105820105814,
  "flip_rate": 0.354978354978355,
  "n_flip_targets": 60,
  "n_nonflip_controls": 60,
  "recovery_rank1_by_layer": [
    0.0,
    0.9666666666666667,
    0.9833333333333333,
    0.9833333333333333,
    0.9833333333333333,
    1.0
  ],
  "control_rank1_by_layer": [
    0.0,
    0.0,
    0.0,
    0.0,
    0.0,
    0.016666666666666666
  ],
  "net_rank1_by_layer": [
    0.0,
    0.9666666666666667,
    0.9833333333333333,
    0.9833333333333333,
    0.9833333333333333,
    0.9833333333333333
  ],
  "nonflip_disruption_by_layer": [
    0.0,
    0.0,
    0.0,
    0.0,
    0.0,
    0.0
  ],
  "locus_depth_net30": 1
}