{
  "regime": "adversarial",
  "seed": 2,
  "steps": 12000,
  "depth": 6,
  "early_stop_step": 9500,
  "val_acc": 0.6223530968766543,
  "vision_dropout": 0.0,
  "use_ground": true,
  "n_train": 86288,
  "n_eval_clusters": 2000,
  "trainable_params": 14078592,
  "accuracy": 0.5629693877551021,
  "accuracy_vision_ablated": 0.5065,
  "grounding_gap": 0.05646938775510213,
  "flip_rate": 0.899
}