{
  "regime": "augmented",
  "seed": 3,
  "steps": 1500,
  "depth": 6,
  "early_stop_step": 150,
  "val_acc": 0.8789237668161435,
  "vision_dropout": 0.0,
  "n_train": 6862,
  "n_eval_clusters": 231,
  "trainable_params": 11486210,
  "accuracy": 0.8420256991685563,
  "accuracy_vision_ablated": 0.6787603930461074,
  "grounding_gap": 0.16326530612244894,
  "flip_rate": 0.19480519480519481
}