{
  "regime": "augmented",
  "seed": 5,
  "steps": 1500,
  "depth": 6,
  "early_stop_step": 225,
  "val_acc": 0.8878923766816144,
  "vision_dropout": 0.25,
  "n_train": 6862,
  "n_eval_clusters": 231,
  "trainable_params": 11486210,
  "accuracy": 0.8843537414965986,
  "accuracy_vision_ablated": 0.7883597883597884,
  "grounding_gap": 0.09599395313681025,
  "flip_rate": 0.08658008658008658
}