{
  "regime": "canonical",
  "seed": 18,
  "steps": 1500,
  "depth": 6,
  "early_stop_step": 375,
  "val_acc": 0.9192825112107623,
  "vision_dropout": 0.0,
  "n_train": 1172,
  "n_eval_clusters": 231,
  "trainable_params": 11486210,
  "accuracy": 0.8193499622071051,
  "accuracy_vision_ablated": 0.6787603930461074,
  "grounding_gap": 0.14058956916099774,
  "flip_rate": 0.2857142857142857
}