{
  "regime": "augmented",
  "seed": 4,
  "steps": 2000,
  "depth": 6,
  "early_stop_step": 975,
  "val_acc": 0.9103139013452914,
  "vision_dropout": 0.9,
  "n_train": 6862,
  "n_eval_clusters": 231,
  "trainable_params": 13861248,
  "accuracy": 0.854875283446712,
  "accuracy_vision_ablated": 0.7044595616024187,
  "grounding_gap": 0.1504157218442933,
  "flip_rate": 0.15584415584415584
}