{
  "regime": "augmented",
  "seed": 7,
  "steps": 1500,
  "depth": 6,
  "early_stop_step": 675,
  "val_acc": 0.9147982062780269,
  "vision_dropout": 0.0,
  "n_train": 6862,
  "n_eval_clusters": 231,
  "trainable_params": 11486210,
  "accuracy": 0.8684807256235828,
  "accuracy_vision_ablated": 0.7739984882842026,
  "grounding_gap": 0.09448223733938022,
  "flip_rate": 0.09956709956709957
}