{
  "regime": "canonical",
  "seed": 20,
  "steps": 1500,
  "depth": 6,
  "early_stop_step": 225,
  "val_acc": 0.8923766816143498,
  "vision_dropout": 0.0,
  "n_train": 1172,
  "n_eval_clusters": 231,
  "trainable_params": 11486210,
  "accuracy": 0.8102796674225246,
  "accuracy_vision_ablated": 0.6787603930461074,
  "grounding_gap": 0.1315192743764172,
  "flip_rate": 0.19047619047619047
}