{
  "regime": "adversarial",
  "seed": 2,
  "steps": 2000,
  "depth": 6,
  "early_stop_step": 450,
  "val_acc": 0.8968609865470852,
  "vision_dropout": 0.0,
  "n_train": 1172,
  "n_eval_clusters": 231,
  "trainable_params": 13861248,
  "accuracy": 0.8397581254724111,
  "accuracy_vision_ablated": 0.783068783068783,
  "grounding_gap": 0.05668934240362811,
  "flip_rate": 0.329004329004329,
  "per_layer_dispersion_flip_corr": {
    "0": 0.9058001704608576,
    "1": 0.9151881237039657,
    "2": 0.9145096789029273,
    "3": 0.9125210863919587,
    "4": 0.9098745949144411,
    "5": 0.907634106045984
  },
  "flip_fraction": 0.329004329004329,
  "phenomenon_disagreement": {
    "original": 0.05627705627705628,
    "lexical_substitution": 0.13229571984435798,
    "scope_quantification": 0.1504424778761062,
    "syntactic_restructuring": 0.12053571428571429,
    "negation_pattern": 0.03804347826086957,
    "specificity_modulation": 0.07960199004975124
  }
}