{
  "regime": "adversarial",
  "seed": 8,
  "steps": 2000,
  "depth": 6,
  "early_stop_step": 375,
  "val_acc": 0.9013452914798207,
  "vision_dropout": 0.0,
  "use_ground": true,
  "n_train": 1172,
  "n_eval_clusters": 231,
  "trainable_params": 14306304,
  "accuracy": 0.8397581254724111,
  "accuracy_vision_ablated": 0.781557067271353,
  "grounding_gap": 0.05820105820105814,
  "flip_rate": 0.30303030303030304
}