{
  "regime": "adversarial",
  "seed": 10,
  "steps": 2000,
  "depth": 6,
  "early_stop_step": 450,
  "val_acc": 0.905829596412556,
  "vision_dropout": 0.0,
  "use_ground": true,
  "n_train": 1172,
  "n_eval_clusters": 231,
  "trainable_params": 14306304,
  "accuracy": 0.854875283446712,
  "accuracy_vision_ablated": 0.780801209372638,
  "grounding_gap": 0.07407407407407407,
  "flip_rate": 0.2813852813852814
}