{
  "regime": "augmented",
  "seed": 0,
  "steps": 2000,
  "depth": 6,
  "early_stop_step": 225,
  "val_acc": 0.9192825112107623,
  "vision_dropout": 0.5,
  "n_train": 6862,
  "n_eval_clusters": 231,
  "trainable_params": 13861248,
  "accuracy": 0.8798185941043084,
  "accuracy_vision_ablated": 0.7898715041572184,
  "grounding_gap": 0.08994708994709,
  "flip_rate": 0.06493506493506493
}