{
  "regime": "canonical",
  "seed": 0,
  "steps": 2000,
  "depth": 6,
  "early_stop_step": 150,
  "val_acc": 0.9147982062780269,
  "vision_dropout": 0.0,
  "use_ground": true,
  "n_train": 1172,
  "n_eval_clusters": 231,
  "trainable_params": 14306304,
  "accuracy": 0.8291761148904006,
  "accuracy_vision_ablated": 0.7762660619803476,
  "grounding_gap": 0.05291005291005291,
  "flip_rate": 0.3203463203463203
}