{
  "regime": "augmented",
  "seed": 2,
  "steps": 2000,
  "depth": 6,
  "early_stop_step": 225,
  "val_acc": 0.9192825112107623,
  "vision_dropout": 0.0,
  "n_train": 6862,
  "n_eval_clusters": 231,
  "trainable_params": 13861634,
  "accuracy": 0.8881330309901738,
  "accuracy_vision_ablated": 0.5079365079365079,
  "grounding_gap": 0.3801965230536659,
  "flip_rate": 0.08658008658008658
}