{
  "regime": "augmented",
  "seed": 2,
  "steps": 12000,
  "depth": 6,
  "early_stop_step": 5500,
  "val_acc": 0.7492721016410799,
  "vision_dropout": 0.0,
  "use_ground": true,
  "n_train": 2157200,
  "n_eval_clusters": 2000,
  "trainable_params": 14078592,
  "accuracy": 0.7409,
  "accuracy_vision_ablated": 0.5065,
  "grounding_gap": 0.23440000000000005,
  "flip_rate": 0.259
}