{
  "regime": "adversarial",
  "seed": 10,
  "steps": 1500,
  "depth": 6,
  "early_stop_step": 150,
  "val_acc": 0.8565022421524664,
  "vision_dropout": 0.0,
  "n_train": 1172,
  "n_eval_clusters": 231,
  "trainable_params": 11486210,
  "accuracy": 0.8329554043839759,
  "accuracy_vision_ablated": 0.7566137566137566,
  "grounding_gap": 0.07634164777021923,
  "flip_rate": 0.42424242424242425
}