{
  "regime": "adversarial",
  "seed": 10,
  "steps": 2000,
  "depth": 6,
  "early_stop_step": 75,
  "val_acc": 0.8878923766816144,
  "vision_dropout": 0.0,
  "n_train": 1172,
  "n_eval_clusters": 231,
  "trainable_params": 13861248,
  "accuracy": 0.8488284202569917,
  "accuracy_vision_ablated": 0.8034769463340892,
  "grounding_gap": 0.04535147392290251,
  "flip_rate": 0.24242424242424243
}