{
  "regime": "augmented",
  "seed": 0,
  "steps": 2000,
  "depth": 6,
  "early_stop_step": 300,
  "val_acc": 0.9237668161434978,
  "vision_dropout": 0.0,
  "n_train": 6862,
  "n_eval_clusters": 231,
  "trainable_params": 13861248,
  "accuracy": 0.873015873015873,
  "accuracy_vision_ablated": 0.7747543461829176,
  "grounding_gap": 0.09826152683295541,
  "flip_rate": 0.06926406926406926
}