{
  "regime": "adversarial",
  "seed": 12,
  "steps": 2000,
  "depth": 6,
  "early_stop_step": 225,
  "val_acc": 0.905829596412556,
  "vision_dropout": 0.0,
  "use_ground": true,
  "n_train": 1172,
  "n_eval_clusters": 231,
  "trainable_params": 14306304,
  "accuracy": 0.8503401360544217,
  "accuracy_vision_ablated": 0.7687074829931972,
  "grounding_gap": 0.08163265306122447,
  "flip_rate": 0.30735930735930733
}