{
  "regime": "augmented",
  "seed": 0,
  "steps": 2000,
  "depth": 2,
  "early_stop_step": 450,
  "val_acc": 0.9282511210762332,
  "vision_dropout": 0.0,
  "n_train": 6862,
  "n_eval_clusters": 231,
  "trainable_params": 5203840,
  "accuracy": 0.8798185941043084,
  "accuracy_vision_ablated": 0.764928193499622,
  "grounding_gap": 0.11489040060468636,
  "flip_rate": 0.09956709956709957
}