{
  "regime": "augmented",
  "seed": 12,
  "steps": 2000,
  "depth": 6,
  "early_stop_step": 300,
  "val_acc": 0.9327354260089686,
  "vision_dropout": 0.0,
  "n_train": 6862,
  "n_eval_clusters": 231,
  "trainable_params": 13861248,
  "accuracy": 0.891912320483749,
  "accuracy_vision_ablated": 0.8042328042328042,
  "grounding_gap": 0.08767951625094483,
  "flip_rate": 0.09090909090909091
}