{
  "regime": "adversarial",
  "seed": 18,
  "steps": 1500,
  "depth": 6,
  "early_stop_step": 375,
  "val_acc": 0.8789237668161435,
  "vision_dropout": 0.0,
  "n_train": 1172,
  "n_eval_clusters": 231,
  "trainable_params": 11486210,
  "accuracy": 0.8374905517762661,
  "accuracy_vision_ablated": 0.6787603930461074,
  "grounding_gap": 0.15873015873015872,
  "flip_rate": 0.3333333333333333
}