{
  "regime": "canonical",
  "seed": 14,
  "steps": 2000,
  "depth": 6,
  "early_stop_step": 300,
  "val_acc": 0.9192825112107623,
  "vision_dropout": 0.0,
  "n_train": 1172,
  "n_eval_clusters": 231,
  "trainable_params": 13861248,
  "accuracy": 0.8080120937263794,
  "accuracy_vision_ablated": 0.6787603930461074,
  "grounding_gap": 0.12925170068027203,
  "flip_rate": 0.2727272727272727
}