{
  "regime": "adversarial",
  "seed": 1,
  "steps": 12000,
  "depth": 6,
  "early_stop_step": 12000,
  "val_acc": 0.6128904182106935,
  "vision_dropout": 0.0,
  "use_ground": true,
  "n_train": 86288,
  "n_eval_clusters": 2000,
  "trainable_params": 14078592,
  "accuracy": 0.5905612244897959,
  "accuracy_vision_ablated": 0.5065,
  "grounding_gap": 0.08406122448979592,
  "flip_rate": 0.8985,
  "n_flip_targets": 60,
  "n_nonflip_controls": 60,
  "recovery_rank1_by_layer": [
    1.0,
    1.0,
    1.0,
    1.0,
    1.0,
    0.6333333333333333
  ],
  "control_rank1_by_layer": [
    0.016666666666666666,
    0.0,
    0.016666666666666666,
    0.0,
    0.0,
    0.016666666666666666
  ],
  "net_rank1_by_layer": [
    0.9833333333333333,
    1.0,
    0.9833333333333333,
    1.0,
    1.0,
    0.6166666666666666
  ],
  "nonflip_disruption_by_layer": [
    0.0,
    0.016666666666666666,
    0.016666666666666666,
    0.0,
    0.0,
    0.0
  ],
  "locus_depth_net30": 0
}