{
  "regime": "augmented",
  "seed": 0,
  "steps": 8000,
  "depth": 6,
  "early_stop_step": 5500,
  "val_acc": 0.7514557967178401,
  "vision_dropout": 0.0,
  "use_ground": true,
  "n_train": 4228112,
  "n_eval_clusters": 1500,
  "trainable_params": 14078592,
  "accuracy": 0.7589795918367347,
  "accuracy_vision_ablated": 0.5113333333333333,
  "grounding_gap": 0.24764625850340138,
  "flip_rate": 0.048666666666666664,
  "arch": "gemma",
  "n_fit": 256,
  "lens_divergence_by_layer": [
    0.014818541193885417,
    0.02074990988705152,
    0.023070085419574754,
    0.02360319685873886,
    0.023840311541765306,
    0.024164746978630622
  ],
  "lens_divergence_flip_clusters": [
    0.03116898727922203,
    0.0398514803039701,
    0.04435051490284809,
    0.04472019884429158,
    0.044819591254353114,
    0.04494873150443173
  ],
  "lens_divergence_nonflip_clusters": [
    0.013982113328272544,
    0.019772744757104038,
    0.021981457982799033,
    0.022522929763472324,
    0.022767089804541125,
    0.023101515815082282
  ],
  "flip_vs_nonflip_divergence_ratio": [
    2.22920414948952,
    2.0154752806474585,
    2.0176329031459344,
    1.985540838975484,
    1.9686130142465719,
    1.9457047718652856
  ],
  "divergence_flip_pointbiserial_by_layer": [
    0.26455273689563386,
    0.23034273844738132,
    0.23688039671001307,
    0.2347210357102098,
    0.23350951676015683,
    0.23062891341856073
  ],
  "lens_commit_layer": 0
}