{
  "regime": "canonical",
  "seed": 23,
  "steps": 1500,
  "depth": 6,
  "early_stop_step": 600,
  "val_acc": 0.9103139013452914,
  "vision_dropout": 0.0,
  "n_train": 1172,
  "n_eval_clusters": 231,
  "trainable_params": 11486210,
  "accuracy": 0.854119425547997,
  "accuracy_vision_ablated": 0.763416477702192,
  "grounding_gap": 0.09070294784580502,
  "flip_rate": 0.20346320346320346
}