{
  "regime": "canonical",
  "seed": 1,
  "steps": 1500,
  "depth": 6,
  "early_stop_step": 300,
  "val_acc": 0.9147982062780269,
  "vision_dropout": 0.0,
  "n_train": 1172,
  "n_eval_clusters": 231,
  "trainable_params": 11486210,
  "accuracy": 0.8284202569916855,
  "accuracy_vision_ablated": 0.6787603930461074,
  "grounding_gap": 0.14965986394557818,
  "flip_rate": 0.2727272727272727
}