{
  "offsets_in_sd": [
    -2.0,
    -1.75,
    -1.5,
    -1.25,
    -1.0,
    -0.75,
    -0.5,
    -0.25,
    0.0,
    0.25,
    0.5,
    0.75,
    1.0,
    1.25,
    1.5,
    1.75,
    2.0
  ],
  "per_regime": {
    "augmented": {
      "flip0": [
        0.0375,
        0.0635,
        0.059,
        0.0505,
        0.0555,
        0.0525,
        0.033,
        0.0355
      ],
      "disp": [
        0.01931755058467388,
        0.025504954159259796,
        0.024636181071400642,
        0.025325261056423187,
        0.02501235157251358,
        0.02718430757522583,
        0.016423357650637627,
        0.02030445821583271
      ],
      "curve": [
        0.0041875,
        0.009312500000000001,
        0.0163125,
        0.025124999999999998,
        0.035937500000000004,
        0.048499999999999995,
        0.047375,
        0.04975,
        0.048375,
        0.052062500000000005,
        0.045812500000000006,
        0.0398125,
        0.033374999999999995,
        0.025249999999999998,
        0.018375000000000002,
        0.0115,
        0.0074375000000000005
      ]
    },
    "canonical": {
      "flip0": [
        0.642,
        0.5195,
        0.58,
        0.5775,
        0.73,
        0.7605,
        0.686,
        0.8705
      ],
      "disp": [
        0.49729686975479126,
        0.3643978238105774,
        0.36952632665634155,
        0.4020506739616394,
        0.5539439916610718,
        0.5357914566993713,
        0.44721463322639465,
        0.8128699064254761
      ],
      "curve": [
        0.0496875,
        0.09275000000000001,
        0.15500000000000003,
        0.24912500000000004,
        0.36331250000000004,
        0.4855,
        0.5850000000000001,
        0.653,
        0.67075,
        0.64225,
        0.57775,
        0.49724999999999997,
        0.4129375,
        0.3266875,
        0.2525625,
        0.18375,
        0.12343749999999999
      ]
    },
    "adversarial": {
      "flip0": [
        0.8975,
        0.876,
        0.899,
        0.881,
        0.8755,
        0.86,
        0.874,
        0.9055
      ],
      "disp": [
        1.491898536682129,
        1.3442105054855347,
        1.4097284078598022,
        1.3579214811325073,
        1.3278605937957764,
        1.2501640319824219,
        1.2448656558990479,
        1.4661991596221924
      ],
      "curve": [
        0.028375,
        0.0713125,
        0.18150000000000002,
        0.342,
        0.5111249999999999,
        0.6689375000000001,
        0.787875,
        0.8591875,
        0.8835624999999999,
        0.8465625000000001,
        0.73875,
        0.589375,
        0.4150625,
        0.27256250000000004,
        0.1710625,
        0.09237499999999998,
        0.04375
      ]
    }
  },
  "ordering_preserved_all_offsets": true
}