{
  "B_provenance": {
    "adversarial": {
      "flip": {
        "mean": 0.8835625,
        "std": 0.014531081988276028,
        "ci95": [
          0.8732500000000001,
          0.8935
        ],
        "n": 8
      },
      "grounding_gap": {
        "mean": 0.08100892857142859,
        "std": 0.012670373111596502,
        "ci95": [
          0.07169005102040818,
          0.08917729591836734
        ],
        "n": 8
      },
      "accuracy": {
        "mean": 0.5810089285714286,
        "std": 0.011397898020111609,
        "ci95": [
          0.5733647959183673,
          0.5889413265306123
        ],
        "n": 8
      }
    },
    "canonical": {
      "flip": {
        "mean": 0.6707500000000001,
        "std": 0.10743166432667793,
        "ci95": [
          0.60225,
          0.7525
        ],
        "n": 8
      },
      "grounding_gap": {
        "mean": 0.16416071428571433,
        "std": 0.015172487847903971,
        "ci95": [
          0.1518647959183674,
          0.17279846938775514
        ],
        "n": 8
      },
      "accuracy": {
        "mean": 0.6675102040816326,
        "std": 0.01762534541268013,
        "ci95": [
          0.6533163265306122,
          0.6762576530612245
        ],
        "n": 8
      }
    },
    "augmented": {
      "flip": {
        "mean": 0.048375,
        "std": 0.010807260291119114,
        "ci95": [
          0.041,
          0.0555625
        ],
        "n": 8
      },
      "grounding_gap": {
        "mean": 0.25185204081632656,
        "std": 0.00715174192322701,
        "ci95": [
          0.24730994897959185,
          0.25671428571428573
        ],
        "n": 8
      },
      "accuracy": {
        "mean": 0.7534387755102041,
        "std": 0.004098625342228771,
        "ci95": [
          0.7506594387755102,
          0.7561377551020407
        ],
        "n": 8
      }
    }
  },
  "B_provenance_pairwise_mwu": {
    "adversarial_vs_canonical": 0.0003108003108003108,
    "adversarial_vs_augmented": 0.0001554001554001554,
    "canonical_vs_augmented": 0.0001554001554001554
  },
  "D_grounding_sweep": {},
  "C_architecture": {},
  "A_divergence": {},
  "E_patching": {}
}