{
  "regime": "canonical",
  "seed": 3,
  "steps": 2000,
  "depth": 6,
  "early_stop_step": 225,
  "val_acc": 0.9192825112107623,
  "vision_dropout": 0.0,
  "use_ground": true,
  "n_train": 1172,
  "n_eval_clusters": 231,
  "trainable_params": 14306304,
  "accuracy": 0.8253968253968254,
  "accuracy_vision_ablated": 0.6455026455026455,
  "grounding_gap": 0.17989417989417988,
  "flip_rate": 0.3463203463203463
}