{
  "regime": "canonical",
  "seed": 11,
  "steps": 2000,
  "depth": 6,
  "early_stop_step": 150,
  "val_acc": 0.9147982062780269,
  "vision_dropout": 0.0,
  "n_train": 1172,
  "n_eval_clusters": 231,
  "trainable_params": 13861634,
  "accuracy": 0.7309145880574452,
  "accuracy_vision_ablated": 0.32275132275132273,
  "grounding_gap": 0.4081632653061225,
  "flip_rate": 0.39826839826839827
}