{
  "regime": "augmented",
  "seed": 8,
  "steps": 2000,
  "depth": 6,
  "early_stop_step": 150,
  "val_acc": 0.9192825112107623,
  "vision_dropout": 0.0,
  "use_ground": true,
  "n_train": 6862,
  "n_eval_clusters": 231,
  "trainable_params": 14306304,
  "accuracy": 0.8888888888888888,
  "accuracy_vision_ablated": 0.7928949357520786,
  "grounding_gap": 0.09599395313681025,
  "flip_rate": 0.09523809523809523
}