{
  "regime": "augmented",
  "seed": 2,
  "steps": 2000,
  "depth": 4,
  "early_stop_step": 450,
  "val_acc": 0.9192825112107623,
  "vision_dropout": 0.0,
  "n_train": 6862,
  "n_eval_clusters": 231,
  "trainable_params": 9532930,
  "accuracy": 0.8699924414210128,
  "accuracy_vision_ablated": 0.782312925170068,
  "grounding_gap": 0.08767951625094483,
  "flip_rate": 0.09956709956709957
}