{
  "regime": "augmented",
  "seed": 2,
  "steps": 2000,
  "depth": 4,
  "early_stop_step": 300,
  "val_acc": 0.9103139013452914,
  "vision_dropout": 0.0,
  "n_train": 6862,
  "n_eval_clusters": 231,
  "trainable_params": 9532544,
  "accuracy": 0.8805744520030234,
  "accuracy_vision_ablated": 0.7724867724867724,
  "grounding_gap": 0.10808767951625098,
  "flip_rate": 0.11255411255411256
}