{
  "regime": "canonical",
  "seed": 4,
  "steps": 1500,
  "depth": 6,
  "early_stop_step": 600,
  "val_acc": 0.8834080717488789,
  "vision_dropout": 0.0,
  "n_train": 1172,
  "n_eval_clusters": 231,
  "trainable_params": 11486210,
  "accuracy": 0.8518518518518519,
  "accuracy_vision_ablated": 0.6787603930461074,
  "grounding_gap": 0.1730914588057445,
  "flip_rate": 0.18181818181818182
}