{
  "regime": "augmented",
  "seed": 13,
  "steps": 1500,
  "depth": 6,
  "early_stop_step": 600,
  "val_acc": 0.8789237668161435,
  "vision_dropout": 0.0,
  "n_train": 6862,
  "n_eval_clusters": 231,
  "trainable_params": 11486210,
  "accuracy": 0.8427815570672713,
  "accuracy_vision_ablated": 0.6787603930461074,
  "grounding_gap": 0.16402116402116396,
  "flip_rate": 0.08225108225108226
}