{
  "regime": "augmented",
  "seed": 3,
  "steps": 1500,
  "depth": 2,
  "early_stop_step": 525,
  "val_acc": 0.905829596412556,
  "vision_dropout": 0.0,
  "n_train": 6862,
  "n_eval_clusters": 231,
  "trainable_params": 4388354,
  "accuracy": 0.8888888888888888,
  "accuracy_vision_ablated": 0.32123960695389264,
  "grounding_gap": 0.5676492819349962,
  "flip_rate": 0.05194805194805195
}