{
  "regime": "augmented",
  "seed": 10,
  "steps": 2000,
  "depth": 6,
  "early_stop_step": 225,
  "val_acc": 0.9147982062780269,
  "vision_dropout": 0.0,
  "use_ground": true,
  "n_train": 6862,
  "n_eval_clusters": 231,
  "trainable_params": 14306304,
  "accuracy": 0.8881330309901738,
  "accuracy_vision_ablated": 0.7755102040816326,
  "grounding_gap": 0.1126228269085412,
  "flip_rate": 0.08658008658008658
}