{
  "regime": "augmented",
  "seed": 14,
  "steps": 2000,
  "depth": 6,
  "early_stop_step": 375,
  "val_acc": 0.9192825112107623,
  "vision_dropout": 0.0,
  "n_train": 6862,
  "n_eval_clusters": 231,
  "trainable_params": 13861248,
  "accuracy": 0.871504157218443,
  "accuracy_vision_ablated": 0.7860922146636432,
  "grounding_gap": 0.08541194255479978,
  "flip_rate": 0.11255411255411256
}