{
  "regime": "canonical",
  "seed": 10,
  "steps": 1500,
  "depth": 6,
  "early_stop_step": 225,
  "val_acc": 0.905829596412556,
  "vision_dropout": 0.0,
  "n_train": 1172,
  "n_eval_clusters": 231,
  "trainable_params": 11486210,
  "accuracy": 0.7732426303854876,
  "accuracy_vision_ablated": 0.7369614512471655,
  "grounding_gap": 0.03628117913832207,
  "flip_rate": 0.4199134199134199
}