{
  "regime": "augmented",
  "seed": 9,
  "steps": 2000,
  "depth": 6,
  "early_stop_step": 750,
  "val_acc": 0.9237668161434978,
  "vision_dropout": 0.0,
  "n_train": 6862,
  "n_eval_clusters": 231,
  "trainable_params": 13861248,
  "accuracy": 0.8699924414210128,
  "accuracy_vision_ablated": 0.6787603930461074,
  "grounding_gap": 0.19123204837490548,
  "flip_rate": 0.11255411255411256
}