{
  "regime": "augmented",
  "seed": 0,
  "steps": 1500,
  "depth": 6,
  "early_stop_step": 525,
  "val_acc": 0.9103139013452914,
  "vision_dropout": 0.0,
  "n_train": 6862,
  "n_eval_clusters": 231,
  "trainable_params": 11486210,
  "accuracy": 0.8480725623582767,
  "accuracy_vision_ablated": 0.23204837490551777,
  "grounding_gap": 0.6160241874527589,
  "flip_rate": 0.08225108225108226,
  "n_flip_targets": 19,
  "n_nonflip_controls": 60,
  "recovery_rank1_by_layer": [
    0.8421052631578947,
    0.9473684210526315,
    1.0,
    1.0,
    1.0,
    1.0
  ],
  "control_rank1_by_layer": [
    0.0,
    0.0,
    0.0,
    0.0,
    0.0,
    0.0
  ],
  "net_rank1_by_layer": [
    0.8421052631578947,
    0.9473684210526315,
    1.0,
    1.0,
    1.0,
    1.0
  ],
  "nonflip_disruption_by_layer": [
    0.0,
    0.0,
    0.0,
    0.0,
    0.0,
    0.0
  ],
  "locus_depth_net30": 0
}