{
  "regime": "augmented",
  "seed": 3,
  "steps": 1500,
  "depth": 6,
  "early_stop_step": 150,
  "val_acc": 0.8789237668161435,
  "vision_dropout": 0.0,
  "n_train": 6862,
  "n_eval_clusters": 231,
  "trainable_params": 11486210,
  "accuracy": 0.8420256991685563,
  "accuracy_vision_ablated": 0.6787603930461074,
  "grounding_gap": 0.16326530612244894,
  "flip_rate": 0.19480519480519481,
  "n_flip_targets": 45,
  "n_nonflip_controls": 60,
  "recovery_rank1_by_layer": [
    0.6,
    0.9777777777777777,
    1.0,
    1.0,
    1.0,
    1.0
  ],
  "control_rank1_by_layer": [
    0.0,
    0.0,
    0.0,
    0.0,
    0.0,
    0.0
  ],
  "net_rank1_by_layer": [
    0.6,
    0.9777777777777777,
    1.0,
    1.0,
    1.0,
    1.0
  ],
  "nonflip_disruption_by_layer": [
    0.0,
    0.0,
    0.0,
    0.0,
    0.0,
    0.0
  ],
  "locus_depth_net30": 0
}