{
  "regime": "augmented",
  "seed": 9,
  "steps": 2000,
  "depth": 6,
  "early_stop_step": 225,
  "val_acc": 0.9237668161434978,
  "vision_dropout": 0.0,
  "use_ground": true,
  "n_train": 6862,
  "n_eval_clusters": 231,
  "trainable_params": 14306304,
  "accuracy": 0.8798185941043084,
  "accuracy_vision_ablated": 0.7838246409674982,
  "grounding_gap": 0.09599395313681025,
  "flip_rate": 0.06493506493506493
}