{
  "regime": "augmented",
  "seed": 1,
  "steps": 2000,
  "depth": 6,
  "early_stop_step": 225,
  "val_acc": 0.905829596412556,
  "vision_dropout": 0.0,
  "n_train": 6862,
  "n_eval_clusters": 231,
  "trainable_params": 13861634,
  "accuracy": 0.889644746787604,
  "accuracy_vision_ablated": 0.6281179138321995,
  "grounding_gap": 0.26152683295540446,
  "flip_rate": 0.06926406926406926
}