{
  "regime": "augmented",
  "seed": 1,
  "steps": 2000,
  "depth": 6,
  "early_stop_step": 525,
  "val_acc": 0.9192825112107623,
  "vision_dropout": 0.0,
  "n_train": 6862,
  "n_eval_clusters": 231,
  "trainable_params": 13861248,
  "accuracy": 0.873771730914588,
  "accuracy_vision_ablated": 0.6802721088435374,
  "grounding_gap": 0.19349962207105065,
  "flip_rate": 0.09090909090909091
}