{
  "regime": "augmented",
  "seed": 13,
  "steps": 2000,
  "depth": 6,
  "early_stop_step": 225,
  "val_acc": 0.9327354260089686,
  "vision_dropout": 0.0,
  "n_train": 6862,
  "n_eval_clusters": 231,
  "trainable_params": 13861248,
  "accuracy": 0.8866213151927438,
  "accuracy_vision_ablated": 0.6266061980347695,
  "grounding_gap": 0.2600151171579743,
  "flip_rate": 0.09090909090909091
}