{
  "regime": "augmented",
  "seed": 13,
  "steps": 2000,
  "depth": 6,
  "early_stop_step": 150,
  "val_acc": 0.9282511210762332,
  "vision_dropout": 0.0,
  "n_train": 6862,
  "n_eval_clusters": 231,
  "trainable_params": 13861634,
  "accuracy": 0.8926681783824642,
  "accuracy_vision_ablated": 0.7694633408919124,
  "grounding_gap": 0.12320483749055178,
  "flip_rate": 0.07792207792207792
}