{
  "regime": "adversarial",
  "seed": 3,
  "steps": 1500,
  "depth": 6,
  "early_stop_step": 300,
  "val_acc": 0.9013452914798207,
  "vision_dropout": 0.0,
  "n_train": 1172,
  "n_eval_clusters": 231,
  "trainable_params": 11486210,
  "accuracy": 0.8503401360544217,
  "accuracy_vision_ablated": 0.3424036281179138,
  "grounding_gap": 0.5079365079365079,
  "flip_rate": 0.2943722943722944
}