{
  "regime": "augmented",
  "seed": 3,
  "steps": 2000,
  "depth": 6,
  "early_stop_step": 225,
  "val_acc": 0.9103139013452914,
  "vision_dropout": 0.0,
  "n_train": 6862,
  "n_eval_clusters": 231,
  "trainable_params": 13861634,
  "accuracy": 0.889644746787604,
  "accuracy_vision_ablated": 0.762660619803477,
  "grounding_gap": 0.12698412698412698,
  "flip_rate": 0.09090909090909091,
  "per_layer_dispersion_flip_corr": {
    "0": 0.6724754519919492,
    "1": 0.690428893240126,
    "2": 0.6798049075398809,
    "3": 0.6699895343638742,
    "4": 0.6669661612833516,
    "5": 0.6672960568812741
  },
  "flip_fraction": 0.09090909090909091,
  "phenomenon_disagreement": {
    "original": 0.004329004329004329,
    "lexical_substitution": 0.038910505836575876,
    "scope_quantification": 0.017699115044247787,
    "syntactic_restructuring": 0.017857142857142856,
    "negation_pattern": 0.010869565217391304,
    "specificity_modulation": 0.03482587064676617
  }
}