{
  "regime": "adversarial",
  "seed": 12,
  "steps": 2000,
  "depth": 6,
  "early_stop_step": 75,
  "val_acc": 0.9147982062780269,
  "vision_dropout": 0.0,
  "n_train": 1172,
  "n_eval_clusters": 231,
  "trainable_params": 13861248,
  "accuracy": 0.8458049886621315,
  "accuracy_vision_ablated": 0.8269085411942555,
  "grounding_gap": 0.018896447467876,
  "flip_rate": 0.30303030303030304
}