{
  "regime": "adversarial",
  "seed": 12,
  "steps": 2000,
  "depth": 6,
  "early_stop_step": 150,
  "val_acc": 0.8878923766816144,
  "vision_dropout": 0.0,
  "n_train": 1172,
  "n_eval_clusters": 231,
  "trainable_params": 13861634,
  "accuracy": 0.8510959939531368,
  "accuracy_vision_ablated": 0.7792894935752078,
  "grounding_gap": 0.07180650037792902,
  "flip_rate": 0.2857142857142857
}