{
  "regime": "augmented",
  "seed": 3,
  "steps": 2000,
  "depth": 6,
  "early_stop_step": 75,
  "val_acc": 0.7802690582959642,
  "vision_dropout": 0.5,
  "n_train": 6862,
  "n_eval_clusters": 231,
  "trainable_params": 13861248,
  "accuracy": 0.7770219198790628,
  "accuracy_vision_ablated": 0.5124716553287982,
  "grounding_gap": 0.26455026455026454,
  "flip_rate": 0.09090909090909091
}