{
  "regime": "augmented",
  "seed": 2,
  "steps": 1500,
  "depth": 6,
  "early_stop_step": 225,
  "val_acc": 0.8878923766816144,
  "vision_dropout": 0.0,
  "n_train": 6862,
  "n_eval_clusters": 231,
  "trainable_params": 11486210,
  "accuracy": 0.8314436885865457,
  "accuracy_vision_ablated": 0.7777777777777778,
  "grounding_gap": 0.053665910808767925,
  "flip_rate": 0.09090909090909091
}