{
  "regime": "augmented",
  "seed": 0,
  "steps": 1500,
  "depth": 4,
  "early_stop_step": 150,
  "val_acc": 0.8475336322869955,
  "vision_dropout": 0.0,
  "n_train": 6862,
  "n_eval_clusters": 231,
  "trainable_params": 7937282,
  "accuracy": 0.8155706727135299,
  "accuracy_vision_ablated": 0.8027210884353742,
  "grounding_gap": 0.012849584278155746,
  "flip_rate": 0.04329004329004329
}