{
  "regime": "augmented",
  "seed": 0,
  "steps": 1500,
  "depth": 6,
  "early_stop_step": 750,
  "val_acc": 0.9282511210762332,
  "vision_dropout": 0.0,
  "n_train": 6862,
  "n_eval_clusters": 231,
  "trainable_params": 13861248,
  "accuracy": 0.8866213151927438,
  "accuracy_vision_ablated": 0.7959183673469388,
  "grounding_gap": 0.09070294784580502,
  "flip_rate": 0.09956709956709957,
  "arch": "gemma",
  "n_fit": 256,
  "lens_divergence_by_layer": [
    0.39017701025616813,
    0.37844196664324653,
    0.39619462818635054,
    0.4103746668856946,
    0.4151370855606689,
    0.4131733204219974
  ],
  "lens_divergence_flip_clusters": [
    1.9401301741600037,
    1.9741705863372139,
    2.0303149132624916,
    2.0555951621221458,
    2.041679690713468,
    2.018938306881034
  ],
  "lens_divergence_nonflip_clusters": [
    0.21878795847834015,
    0.20199120581170205,
    0.2154986351250465,
    0.2284512467393562,
    0.2352790090293498,
    0.2356127690347001
  ],
  "flip_vs_nonflip_divergence_ratio": [
    8.867627719486434,
    9.773547163256234,
    9.42147453817002,
    8.9979598818712,
    8.677695857606588,
    8.568883200107077
  ],
  "divergence_flip_pointbiserial_by_layer": [
    0.8091456282227772,
    0.8064320984785289,
    0.7887177385645157,
    0.7788031603178924,
    0.7714137135406446,
    0.7693982905452229
  ],
  "lens_commit_layer": 0
}