{
  "regime": "augmented",
  "seed": 0,
  "steps": 1500,
  "depth": 6,
  "early_stop_step": 150,
  "val_acc": 0.9237668161434978,
  "vision_dropout": 0.0,
  "n_train": 6862,
  "n_eval_clusters": 231,
  "trainable_params": 13861634,
  "accuracy": 0.8858654572940288,
  "accuracy_vision_ablated": 0.7959183673469388,
  "grounding_gap": 0.08994708994709,
  "flip_rate": 0.08658008658008658,
  "arch": "gemma",
  "n_fit": 256,
  "lens_divergence_by_layer": [
    0.20108579567649193,
    0.2095754478799302,
    0.21210199569576738,
    0.21486760924662993,
    0.2177992469774261,
    0.22127569214696896
  ],
  "lens_divergence_flip_clusters": [
    1.0927188739180564,
    1.1462626412510872,
    1.1570788025856018,
    1.1729306906461716,
    1.1931721679866314,
    1.2176921218633652
  ],
  "lens_divergence_nonflip_clusters": [
    0.11657081195691234,
    0.12078993192057884,
    0.1225307343791954,
    0.12405594276326104,
    0.12534683740309382,
    0.1268286371975475
  ],
  "flip_vs_nonflip_divergence_ratio": [
    9.373863372832052,
    9.489719991853724,
    9.44317194379675,
    9.454852827402641,
    9.518965002927281,
    9.601081736497836
  ],
  "divergence_flip_pointbiserial_by_layer": [
    0.7109489279117913,
    0.7103965312829175,
    0.7063636326918933,
    0.703725130629351,
    0.699491904746303,
    0.6910386348961618
  ],
  "lens_commit_layer": 0
}