{
  "regime": "augmented",
  "seed": 2,
  "steps": 2000,
  "depth": 6,
  "early_stop_step": 375,
  "val_acc": 0.9192825112107623,
  "vision_dropout": 0.0,
  "n_train": 6862,
  "n_eval_clusters": 231,
  "trainable_params": 13861248,
  "accuracy": 0.8805744520030234,
  "accuracy_vision_ablated": 0.7755102040816326,
  "grounding_gap": 0.1050642479213908,
  "flip_rate": 0.09090909090909091,
  "per_layer_dispersion_flip_corr": {
    "0": 0.770005510644351,
    "1": 0.7682902054920626,
    "2": 0.7345677478388694,
    "3": 0.6883905036883164,
    "4": 0.6460659260766513,
    "5": 0.5932899612879279
  },
  "flip_fraction": 0.09090909090909091,
  "phenomenon_disagreement": {
    "original": 0.004329004329004329,
    "lexical_substitution": 0.0311284046692607,
    "scope_quantification": 0.030973451327433628,
    "syntactic_restructuring": 0.022321428571428572,
    "negation_pattern": 0.005434782608695652,
    "specificity_modulation": 0.029850746268656716
  }
}