{
  "regime": "augmented",
  "seed": 9,
  "steps": 1500,
  "depth": 6,
  "early_stop_step": 300,
  "val_acc": 0.905829596412556,
  "vision_dropout": 0.0,
  "n_train": 6862,
  "n_eval_clusters": 231,
  "trainable_params": 11486210,
  "accuracy": 0.8835978835978836,
  "accuracy_vision_ablated": 0.32123960695389264,
  "grounding_gap": 0.562358276643991,
  "flip_rate": 0.06060606060606061
}