{
  "regime": "adversarial",
  "seed": 15,
  "steps": 2000,
  "depth": 6,
  "early_stop_step": 300,
  "val_acc": 0.8878923766816144,
  "vision_dropout": 0.0,
  "n_train": 1172,
  "n_eval_clusters": 231,
  "trainable_params": 13861248,
  "accuracy": 0.8012093726379441,
  "accuracy_vision_ablated": 0.8087679516250945,
  "grounding_gap": -0.0075585789871503994,
  "flip_rate": 0.4069264069264069
}