{
  "B_provenance": {
    "adversarial": {
      "flip": {
        "mean": 0.31141774891774887,
        "std": 0.03548294317271817,
        "ci95": [
          0.2941017316017316,
          0.32819264069264065
        ],
        "n": 16
      },
      "grounding_gap": {
        "mean": 0.10237150415721843,
        "std": 0.0786886594006172,
        "ci95": [
          0.06944444444444442,
          0.14474678760393042
        ],
        "n": 16
      },
      "accuracy": {
        "mean": 0.8431122448979591,
        "std": 0.011309389623428288,
        "ci95": [
          0.8373015873015875,
          0.8483087679516252
        ],
        "n": 16
      }
    },
    "canonical": {
      "flip": {
        "mean": 0.31087662337662336,
        "std": 0.06377423350983134,
        "ci95": [
          0.279491341991342,
          0.34199134199134207
        ],
        "n": 16
      },
      "grounding_gap": {
        "mean": 0.10907974300831443,
        "std": 0.08796888693169592,
        "ci95": [
          0.0705309901738473,
          0.15537603930461075
        ],
        "n": 16
      },
      "accuracy": {
        "mean": 0.8136337868480725,
        "std": 0.03559658259968285,
        "ci95": [
          0.7957766439909296,
          0.8304516250944822
        ],
        "n": 16
      }
    },
    "augmented": {
      "flip": {
        "mean": 0.08468614718614718,
        "std": 0.01855476792813845,
        "ci95": [
          0.07575757575757576,
          0.09415584415584417
        ],
        "n": 16
      },
      "grounding_gap": {
        "mean": 0.13699924414210127,
        "std": 0.10746664028055698,
        "ci95": [
          0.09405706727135296,
          0.19713718820861675
        ],
        "n": 16
      },
      "accuracy": {
        "mean": 0.8823696145124716,
        "std": 0.00923367514546768,
        "ci95": [
          0.8775982615268331,
          0.8866213151927436
        ],
        "n": 16
      }
    }
  },
  "B_provenance_pairwise_mwu": {
    "adversarial_vs_canonical": 0.650897367502849,
    "adversarial_vs_augmented": 1.5078803982692858e-06,
    "canonical_vs_augmented": 1.5045512072393178e-06
  },
  "D_grounding_sweep": {},
  "C_architecture": {},
  "A_divergence": {},
  "E_patching": {}
}