{
  "regime": "adversarial",
  "seed": 7,
  "steps": 12000,
  "depth": 6,
  "early_stop_step": 11000,
  "val_acc": 0.6731074642668078,
  "vision_dropout": 0.0,
  "use_ground": true,
  "n_train": 86288,
  "n_eval_clusters": 2000,
  "trainable_params": 14078592,
  "accuracy": 0.5731938775510204,
  "accuracy_vision_ablated": 0.5065,
  "grounding_gap": 0.06669387755102041,
  "flip_rate": 0.9055
}