{
  "regime": "adversarial",
  "seed": 0,
  "steps": 12000,
  "depth": 6,
  "early_stop_step": 10500,
  "val_acc": 0.5918475383800953,
  "vision_dropout": 0.0,
  "use_ground": true,
  "n_train": 86288,
  "n_eval_clusters": 2000,
  "trainable_params": 14078592,
  "accuracy": 0.5710510204081632,
  "accuracy_vision_ablated": 0.4935,
  "grounding_gap": 0.07755102040816325,
  "flip_rate": 0.8975
}