{
  "regime": "augmented",
  "seed": 1,
  "steps": 12000,
  "depth": 6,
  "early_stop_step": 8000,
  "val_acc": 0.7511911064055056,
  "vision_dropout": 0.0,
  "use_ground": true,
  "n_train": 4228112,
  "n_eval_clusters": 2000,
  "trainable_params": 14078592,
  "accuracy": 0.7529897959183673,
  "accuracy_vision_ablated": 0.5065,
  "grounding_gap": 0.2464897959183674,
  "flip_rate": 0.0285,
  "n_flip_targets": 57,
  "n_nonflip_controls": 60,
  "recovery_rank1_by_layer": [
    0.6666666666666666,
    0.9824561403508771,
    0.9824561403508771,
    1.0,
    1.0,
    0.631578947368421
  ],
  "control_rank1_by_layer": [
    0.0,
    0.0,
    0.0,
    0.0,
    0.0,
    0.05263157894736842
  ],
  "net_rank1_by_layer": [
    0.6666666666666666,
    0.9824561403508771,
    0.9824561403508771,
    1.0,
    1.0,
    0.5789473684210527
  ],
  "nonflip_disruption_by_layer": [
    0.0,
    0.0,
    0.0,
    0.0,
    0.0,
    0.0
  ],
  "locus_depth_net30": 0
}