{
  "regime": "augmented",
  "seed": 5,
  "steps": 1500,
  "depth": 6,
  "early_stop_step": 450,
  "val_acc": 0.9147982062780269,
  "vision_dropout": 0.0,
  "n_train": 6862,
  "n_eval_clusters": 231,
  "trainable_params": 11486210,
  "accuracy": 0.8979591836734694,
  "accuracy_vision_ablated": 0.6787603930461074,
  "grounding_gap": 0.21919879062736203,
  "flip_rate": 0.08658008658008658,
  "n_flip_targets": 20,
  "n_nonflip_controls": 60,
  "recovery_rank1_by_layer": [
    0.0,
    0.65,
    0.9,
    1.0,
    1.0,
    1.0
  ],
  "control_rank1_by_layer": [
    0.0,
    0.0,
    0.0,
    0.0,
    0.0,
    0.0
  ],
  "net_rank1_by_layer": [
    0.0,
    0.65,
    0.9,
    1.0,
    1.0,
    1.0
  ],
  "nonflip_disruption_by_layer": [
    0.0,
    0.0,
    0.0,
    0.0,
    0.0,
    0.0
  ],
  "locus_depth_net30": 1
}