{
  "regime": "augmented",
  "seed": 6,
  "steps": 1500,
  "depth": 6,
  "early_stop_step": 375,
  "val_acc": 0.9103139013452914,
  "vision_dropout": 0.9,
  "n_train": 6862,
  "n_eval_clusters": 231,
  "trainable_params": 11486210,
  "accuracy": 0.8798185941043084,
  "accuracy_vision_ablated": 0.6386999244142101,
  "grounding_gap": 0.24111866969009832,
  "flip_rate": 0.08225108225108226
}