{
  "regime": "augmented",
  "seed": 2,
  "steps": 2000,
  "depth": 6,
  "early_stop_step": 525,
  "val_acc": 0.9327354260089686,
  "vision_dropout": 0.0,
  "n_train": 6862,
  "n_eval_clusters": 231,
  "trainable_params": 13861248,
  "accuracy": 0.8745275888133031,
  "accuracy_vision_ablated": 0.7702191987906274,
  "grounding_gap": 0.10430839002267567,
  "flip_rate": 0.12987012987012986
}