{
  "regime": "augmented",
  "seed": 2,
  "steps": 2000,
  "depth": 6,
  "early_stop_step": 300,
  "val_acc": 0.9147982062780269,
  "vision_dropout": 0.0,
  "n_train": 6862,
  "n_eval_clusters": 231,
  "trainable_params": 13861634,
  "accuracy": 0.873771730914588,
  "accuracy_vision_ablated": 0.7127739984882842,
  "grounding_gap": 0.16099773242630389,
  "flip_rate": 0.11688311688311688
}