{
  "regime": "augmented",
  "seed": 0,
  "steps": 2000,
  "depth": 4,
  "early_stop_step": 150,
  "val_acc": 0.9237668161434978,
  "vision_dropout": 0.0,
  "n_train": 6862,
  "n_eval_clusters": 231,
  "trainable_params": 9532930,
  "accuracy": 0.8798185941043084,
  "accuracy_vision_ablated": 0.7679516250944822,
  "grounding_gap": 0.11186696900982618,
  "flip_rate": 0.08225108225108226
}