{
  "regime": "augmented",
  "seed": 0,
  "steps": 2000,
  "depth": 4,
  "early_stop_step": 225,
  "val_acc": 0.9192825112107623,
  "vision_dropout": 0.0,
  "n_train": 6862,
  "n_eval_clusters": 231,
  "trainable_params": 9532544,
  "accuracy": 0.8949357520786092,
  "accuracy_vision_ablated": 0.7785336356764928,
  "grounding_gap": 0.1164021164021164,
  "flip_rate": 0.0735930735930736
}