{
  "regime": "augmented",
  "seed": 2,
  "steps": 2000,
  "depth": 6,
  "early_stop_step": 525,
  "val_acc": 0.8968609865470852,
  "vision_dropout": 0.75,
  "n_train": 6862,
  "n_eval_clusters": 231,
  "trainable_params": 13861248,
  "accuracy": 0.8775510204081632,
  "accuracy_vision_ablated": 0.7732426303854876,
  "grounding_gap": 0.10430839002267567,
  "flip_rate": 0.11255411255411256
}