{
  "regime": "augmented",
  "seed": 2,
  "steps": 1500,
  "depth": 6,
  "early_stop_step": 600,
  "val_acc": 0.874439461883408,
  "vision_dropout": 0.25,
  "n_train": 6862,
  "n_eval_clusters": 231,
  "trainable_params": 11486210,
  "accuracy": 0.8820861678004536,
  "accuracy_vision_ablated": 0.36281179138321995,
  "grounding_gap": 0.5192743764172336,
  "flip_rate": 0.06926406926406926
}