{
  "regime": "canonical",
  "seed": 4,
  "steps": 2000,
  "depth": 6,
  "early_stop_step": 225,
  "val_acc": 0.9237668161434978,
  "vision_dropout": 0.0,
  "n_train": 1172,
  "n_eval_clusters": 231,
  "trainable_params": 13861248,
  "accuracy": 0.7619047619047619,
  "accuracy_vision_ablated": 0.7173091458805745,
  "grounding_gap": 0.04459561602418738,
  "flip_rate": 0.39826839826839827
}