{
  "regime": "canonical",
  "seed": 4,
  "steps": 2000,
  "depth": 6,
  "early_stop_step": 150,
  "val_acc": 0.9192825112107623,
  "vision_dropout": 0.0,
  "n_train": 1172,
  "n_eval_clusters": 231,
  "trainable_params": 13861634,
  "accuracy": 0.8148148148148148,
  "accuracy_vision_ablated": 0.4950869236583522,
  "grounding_gap": 0.31972789115646255,
  "flip_rate": 0.38095238095238093
}