{
  "regime": "adversarial",
  "seed": 13,
  "steps": 2000,
  "depth": 6,
  "early_stop_step": 75,
  "val_acc": 0.874439461883408,
  "vision_dropout": 0.0,
  "n_train": 1172,
  "n_eval_clusters": 231,
  "trainable_params": 13861248,
  "accuracy": 0.8201058201058201,
  "accuracy_vision_ablated": 0.6772486772486772,
  "grounding_gap": 0.1428571428571429,
  "flip_rate": 0.37662337662337664
}