{
  "regime": "adversarial",
  "seed": 13,
  "steps": 2000,
  "depth": 6,
  "early_stop_step": 300,
  "val_acc": 0.8654708520179372,
  "vision_dropout": 0.0,
  "n_train": 1172,
  "n_eval_clusters": 231,
  "trainable_params": 13861634,
  "accuracy": 0.8427815570672713,
  "accuracy_vision_ablated": 0.7724867724867724,
  "grounding_gap": 0.07029478458049887,
  "flip_rate": 0.31601731601731603
}