{
  "regime": "augmented",
  "seed": 1,
  "steps": 2000,
  "depth": 6,
  "early_stop_step": 525,
  "val_acc": 0.9327354260089686,
  "vision_dropout": 0.0,
  "n_train": 6862,
  "n_eval_clusters": 231,
  "trainable_params": 13861248,
  "accuracy": 0.891156462585034,
  "accuracy_vision_ablated": 0.7120181405895691,
  "grounding_gap": 0.17913832199546487,
  "flip_rate": 0.08225108225108226,
  "per_layer_dispersion_flip_corr": {
    "0": 0.8261687300976016,
    "1": 0.8385314982676471,
    "2": 0.8355728526569793,
    "3": 0.8287358978933683,
    "4": 0.8222423323904519,
    "5": 0.8176168344258424
  },
  "flip_fraction": 0.08225108225108226,
  "phenomenon_disagreement": {
    "original": 0.008658008658008658,
    "lexical_substitution": 0.027237354085603113,
    "scope_quantification": 0.01327433628318584,
    "syntactic_restructuring": 0.022321428571428572,
    "negation_pattern": 0.005434782608695652,
    "specificity_modulation": 0.03482587064676617
  }
}