{
  "regime": "augmented",
  "seed": 1,
  "steps": 2000,
  "depth": 6,
  "early_stop_step": 225,
  "val_acc": 0.9192825112107623,
  "vision_dropout": 0.0,
  "n_train": 6862,
  "n_eval_clusters": 231,
  "trainable_params": 13861634,
  "accuracy": 0.8798185941043084,
  "accuracy_vision_ablated": 0.5948601662887377,
  "grounding_gap": 0.2849584278155707,
  "flip_rate": 0.06493506493506493,
  "per_layer_dispersion_flip_corr": {
    "0": 0.6515392632055422,
    "1": 0.6470938732797915,
    "2": 0.6054187578907606,
    "3": 0.5800219758073738,
    "4": 0.5531099425086788,
    "5": 0.49228134703192156
  },
  "flip_fraction": 0.06493506493506493,
  "phenomenon_disagreement": {
    "original": 0.0,
    "lexical_substitution": 0.038910505836575876,
    "scope_quantification": 0.017699115044247787,
    "syntactic_restructuring": 0.013392857142857142,
    "negation_pattern": 0.005434782608695652,
    "specificity_modulation": 0.014925373134328358
  }
}