{
  "regime": "augmented",
  "seed": 0,
  "steps": 2000,
  "depth": 8,
  "early_stop_step": 225,
  "val_acc": 0.905829596412556,
  "vision_dropout": 0.0,
  "n_train": 6862,
  "n_eval_clusters": 231,
  "trainable_params": 18190338,
  "accuracy": 0.8873771730914588,
  "accuracy_vision_ablated": 0.7687074829931972,
  "grounding_gap": 0.11866969009826156,
  "flip_rate": 0.07792207792207792
}