{
  "regime": "augmented",
  "seed": 0,
  "steps": 2000,
  "depth": 8,
  "early_stop_step": 300,
  "val_acc": 0.9103139013452914,
  "vision_dropout": 0.0,
  "n_train": 6862,
  "n_eval_clusters": 231,
  "trainable_params": 18189952,
  "accuracy": 0.8866213151927438,
  "accuracy_vision_ablated": 0.7868480725623582,
  "grounding_gap": 0.09977324263038556,
  "flip_rate": 0.09523809523809523
}