{
  "regime": "augmented",
  "seed": 3,
  "steps": 1500,
  "depth": 6,
  "early_stop_step": 600,
  "val_acc": 0.9103139013452914,
  "vision_dropout": 0.9,
  "n_train": 6862,
  "n_eval_clusters": 231,
  "trainable_params": 11486210,
  "accuracy": 0.9017384731670446,
  "accuracy_vision_ablated": 0.7664399092970522,
  "grounding_gap": 0.1352985638699924,
  "flip_rate": 0.09956709956709957
}