{
  "regime": "augmented",
  "seed": 6,
  "steps": 1500,
  "depth": 6,
  "early_stop_step": 225,
  "val_acc": 0.9147982062780269,
  "vision_dropout": 0.25,
  "n_train": 6862,
  "n_eval_clusters": 231,
  "trainable_params": 11486210,
  "accuracy": 0.8783068783068783,
  "accuracy_vision_ablated": 0.6787603930461074,
  "grounding_gap": 0.1995464852607709,
  "flip_rate": 0.06493506493506493
}