{
  "regime": "augmented",
  "seed": 0,
  "steps": 1500,
  "depth": 6,
  "early_stop_step": 300,
  "val_acc": 0.8968609865470852,
  "vision_dropout": 0.0,
  "n_train": 6862,
  "n_eval_clusters": 231,
  "trainable_params": 11486210,
  "accuracy": 0.8193499622071051,
  "accuracy_vision_ablated": 0.3507180650037793,
  "grounding_gap": 0.4686318972033258,
  "flip_rate": 0.0735930735930736
}