{
  "regime": "canonical",
  "seed": 9,
  "steps": 1500,
  "depth": 6,
  "early_stop_step": 300,
  "val_acc": 0.8968609865470852,
  "vision_dropout": 0.0,
  "n_train": 1172,
  "n_eval_clusters": 231,
  "trainable_params": 11486210,
  "accuracy": 0.8556311413454271,
  "accuracy_vision_ablated": 0.6787603930461074,
  "grounding_gap": 0.1768707482993197,
  "flip_rate": 0.22943722943722944
}