{
  "regime": "adversarial",
  "seed": 2,
  "steps": 2000,
  "depth": 6,
  "early_stop_step": 225,
  "val_acc": 0.9013452914798207,
  "vision_dropout": 0.0,
  "n_train": 1172,
  "n_eval_clusters": 231,
  "trainable_params": 13861248,
  "accuracy": 0.8382464096749811,
  "accuracy_vision_ablated": 0.7921390778533636,
  "grounding_gap": 0.046107331821617525,
  "flip_rate": 0.38095238095238093
}