{
  "regime": "adversarial",
  "seed": 2,
  "steps": 2000,
  "depth": 6,
  "early_stop_step": 600,
  "val_acc": 0.8878923766816144,
  "vision_dropout": 0.0,
  "n_train": 1172,
  "n_eval_clusters": 231,
  "trainable_params": 13861634,
  "accuracy": 0.8201058201058201,
  "accuracy_vision_ablated": 0.7188208616780045,
  "grounding_gap": 0.1012849584278156,
  "flip_rate": 0.354978354978355
}