{
  "regime": "augmented",
  "seed": 4,
  "steps": 1500,
  "depth": 6,
  "early_stop_step": 75,
  "val_acc": 0.8475336322869955,
  "vision_dropout": 0.25,
  "n_train": 6862,
  "n_eval_clusters": 231,
  "trainable_params": 11486210,
  "accuracy": 0.8488284202569917,
  "accuracy_vision_ablated": 0.32123960695389264,
  "grounding_gap": 0.527588813303099,
  "flip_rate": 0.04329004329004329
}