{
  "regime": "augmented",
  "seed": 3,
  "steps": 2000,
  "depth": 6,
  "early_stop_step": 600,
  "val_acc": 0.9147982062780269,
  "vision_dropout": 0.75,
  "n_train": 6862,
  "n_eval_clusters": 231,
  "trainable_params": 13861248,
  "accuracy": 0.8790627362055934,
  "accuracy_vision_ablated": 0.7475434618291761,
  "grounding_gap": 0.1315192743764173,
  "flip_rate": 0.09090909090909091
}