{
  "regime": "adversarial",
  "seed": 3,
  "steps": 12000,
  "depth": 6,
  "early_stop_step": 11500,
  "val_acc": 0.6174563260984648,
  "vision_dropout": 0.0,
  "use_ground": true,
  "n_train": 86288,
  "n_eval_clusters": 2000,
  "trainable_params": 14078592,
  "accuracy": 0.5833775510204081,
  "accuracy_vision_ablated": 0.4935,
  "grounding_gap": 0.08987755102040812,
  "flip_rate": 0.881
}