{
  "regime": "adversarial",
  "seed": 0,
  "steps": 2000,
  "depth": 6,
  "early_stop_step": 75,
  "val_acc": 0.905829596412556,
  "vision_dropout": 0.0,
  "n_train": 1172,
  "n_eval_clusters": 231,
  "trainable_params": 13861634,
  "accuracy": 0.8480725623582767,
  "accuracy_vision_ablated": 0.7732426303854876,
  "grounding_gap": 0.07482993197278909,
  "flip_rate": 0.3333333333333333
}