{
  "regime": "adversarial",
  "seed": 0,
  "steps": 2000,
  "depth": 6,
  "early_stop_step": 150,
  "val_acc": 0.8878923766816144,
  "vision_dropout": 0.0,
  "n_train": 1172,
  "n_eval_clusters": 231,
  "trainable_params": 13861248,
  "accuracy": 0.7770219198790628,
  "accuracy_vision_ablated": 0.7755102040816326,
  "grounding_gap": 0.0015117157974301465,
  "flip_rate": 0.38961038961038963
}