{
  "B_provenance": {
    "adversarial": {
      "flip": {
        "mean": 0.31222943722943725,
        "std": 0.04017105509300317,
        "ci95": [
          0.29689754689754694,
          0.3286435786435786
        ],
        "n": 24
      },
      "grounding_gap": {
        "mean": 0.22171831695641217,
        "std": 0.17033148690705613,
        "ci95": [
          0.15958049886621314,
          0.2915721844293273
        ],
        "n": 24
      },
      "accuracy": {
        "mean": 0.8389077853363567,
        "std": 0.009887285124529608,
        "ci95": [
          0.8350025195263292,
          0.842907533383724
        ],
        "n": 24
      }
    },
    "canonical": {
      "flip": {
        "mean": 0.26857864357864353,
        "std": 0.11539374406852998,
        "ci95": [
          0.2290764790764791,
          0.3198051948051947
        ],
        "n": 24
      },
      "grounding_gap": {
        "mean": 0.2353867472915092,
        "std": 0.1776902418760272,
        "ci95": [
          0.16802091206853112,
          0.3089884101788864
        ],
        "n": 24
      },
      "accuracy": {
        "mean": 0.8286407155454775,
        "std": 0.02998962393905355,
        "ci95": [
          0.8164840010078106,
          0.8400100781053162
        ],
        "n": 24
      }
    },
    "augmented": {
      "flip": {
        "mean": 0.09000721500721502,
        "std": 0.028359085838300043,
        "ci95": [
          0.07990620490620491,
          0.10155122655122654
        ],
        "n": 24
      },
      "grounding_gap": {
        "mean": 0.27670697908793146,
        "std": 0.1967958836285097,
        "ci95": [
          0.2008692365835223,
          0.3578987150415722
        ],
        "n": 24
      },
      "accuracy": {
        "mean": 0.8594104308390023,
        "std": 0.023610731137471325,
        "ci95": [
          0.8501826656588563,
          0.8689216427311667
        ],
        "n": 24
      }
    }
  },
  "B_provenance_pairwise_mwu": {
    "adversarial_vs_canonical": 0.00034508343473559674,
    "adversarial_vs_augmented": 3.0159839604593516e-09,
    "canonical_vs_augmented": 5.618264850518174e-09
  },
  "D_grounding_sweep": {
    "0.0": {
      "flip": {
        "mean": 0.0984848484848485,
        "std": 0.039602109228424213,
        "ci95": [
          0.0762987012987013,
          0.12824675324675325
        ],
        "n": 8
      },
      "grounding_gap": {
        "mean": 0.18981481481481483,
        "std": 0.11535406740361213,
        "ci95": [
          0.12263794406651551,
          0.27532123960695387
        ],
        "n": 8
      }
    },
    "0.25": {
      "flip": {
        "mean": 0.055735930735930736,
        "std": 0.02092274342984979,
        "ci95": [
          0.04058441558441559,
          0.0698051948051948
        ],
        "n": 8
      },
      "grounding_gap": {
        "mean": 0.3304043839758125,
        "std": 0.18273653664824072,
        "ci95": [
          0.19756235827664398,
          0.44860166288737724
        ],
        "n": 8
      }
    },
    "0.5": {
      "flip": {
        "mean": 0.06006493506493507,
        "std": 0.024530361378015446,
        "ci95": [
          0.043290043290043295,
          0.07683982683982685
        ],
        "n": 8
      },
      "grounding_gap": {
        "mean": 0.25094482237339377,
        "std": 0.16480129079915304,
        "ci95": [
          0.14493575207860926,
          0.37046485260770967
        ],
        "n": 8
      }
    },
    "0.75": {
      "flip": {
        "mean": 0.06222943722943723,
        "std": 0.028791743710872356,
        "ci95": [
          0.03950216450216451,
          0.08116883116883118
        ],
        "n": 8
      },
      "grounding_gap": {
        "mean": 0.17507558578987154,
        "std": 0.21056406887525933,
        "ci95": [
          0.048752834467120185,
          0.31018518518518523
        ],
        "n": 8
      }
    },
    "0.9": {
      "flip": {
        "mean": 0.10984848484848485,
        "std": 0.06976743164592304,
        "ci95": [
          0.0698051948051948,
          0.1628787878787879
        ],
        "n": 8
      },
      "grounding_gap": {
        "mean": 0.11602418745275887,
        "std": 0.06426570382161746,
        "ci95": [
          0.07379062736205592,
          0.1601473922902494
        ],
        "n": 8
      }
    }
  },
  "C_architecture": {
    "2": {
      "flip": {
        "mean": 0.0735930735930736,
        "std": 0.023110558987080764,
        "ci95": [
          0.0551948051948052,
          0.10064935064935066
        ],
        "n": 4
      },
      "accuracy": {
        "mean": 0.8790627362055934,
        "std": 0.006210006320920238,
        "ci95": [
          0.873771730914588,
          0.8852985638699924
        ],
        "n": 4
      }
    },
    "4": {
      "flip": {
        "mean": 0.06601731601731602,
        "std": 0.02926083513981769,
        "ci95": [
          0.03896103896103896,
          0.09307359307359309
        ],
        "n": 4
      },
      "accuracy": {
        "mean": 0.8509070294784581,
        "std": 0.02609283979355347,
        "ci95": [
          0.8250188964474678,
          0.8781179138321995
        ],
        "n": 4
      }
    },
    "6": {
      "flip": {
        "mean": 0.09956709956709957,
        "std": 0.027379027360765192,
        "ci95": [
          0.0735930735930736,
          0.12554112554112554
        ],
        "n": 4
      },
      "accuracy": {
        "mean": 0.8452380952380952,
        "std": 0.013106835324157073,
        "ci95": [
          0.8306878306878307,
          0.8548752834467119
        ],
        "n": 4
      }
    },
    "8": {
      "flip": {
        "mean": 0.08225108225108227,
        "std": 0.014027577269281088,
        "ci95": [
          0.06926406926406926,
          0.09740259740259741
        ],
        "n": 4
      },
      "accuracy": {
        "mean": 0.8522297808012094,
        "std": 0.015272258012983177,
        "ci95": [
          0.8397581254724111,
          0.868291761148904
        ],
        "n": 4
      }
    }
  },
  "A_divergence": {
    "adversarial": {
      "per_layer_corr_mean": [
        0.4270678400089678,
        0.8507234155541081,
        0.8370594639201283,
        0.80013455705867,
        0.7574841324844662,
        0.7020932319913474
      ],
      "phenomenon_disagreement": {
        "original": 0.038419913419913417,
        "lexical_substitution": 0.09533073929961089,
        "scope_quantification": 0.1709070796460177,
        "syntactic_restructuring": 0.06305803571428573,
        "negation_pattern": 0.1311141304347826,
        "specificity_modulation": 0.0646766169154229
      }
    },
    "augmented": {
      "per_layer_corr_mean": [
        0.18561655152183304,
        0.6421749014792257,
        0.5974700846543727,
        0.5549018860621302,
        0.5045538036246522,
        0.44387772709142626
      ],
      "phenomenon_disagreement": {
        "original": 0.013528138528138528,
        "lexical_substitution": 0.0622568093385214,
        "scope_quantification": 0.017146017699115043,
        "syntactic_restructuring": 0.022321428571428572,
        "negation_pattern": 0.012228260869565216,
        "specificity_modulation": 0.026119402985074626
      }
    }
  },
  "E_patching": {
    "adversarial": {
      "net_rank1_by_layer_mean": [
        0.5063596491228071,
        0.9046052631578948,
        0.974561403508772,
        0.9895833333333334,
        0.9979166666666667,
        0.9957236842105263
      ],
      "locus_depth_median": 0.0,
      "mean_flip_targets": 59.625
    },
    "augmented": {
      "net_rank1_by_layer_mean": [
        0.36776315789473685,
        0.8789584922451055,
        0.9742527173913044,
        0.9945652173913043,
        0.9945652173913043,
        1.0
      ],
      "locus_depth_median": 0.5,
      "mean_flip_targets": 22.875
    }
  }
}