{
  "regime": "augmented",
  "seed": 2,
  "steps": 1500,
  "depth": 8,
  "early_stop_step": 300,
  "val_acc": 0.9103139013452914,
  "vision_dropout": 0.0,
  "n_train": 6862,
  "n_eval_clusters": 231,
  "trainable_params": 15035138,
  "accuracy": 0.8767951625094482,
  "accuracy_vision_ablated": 0.6787603930461074,
  "grounding_gap": 0.19803476946334087,
  "flip_rate": 0.1038961038961039
}