{
  "regime": "augmented",
  "seed": 6,
  "steps": 1500,
  "depth": 6,
  "early_stop_step": 225,
  "val_acc": 0.9103139013452914,
  "vision_dropout": 0.0,
  "n_train": 6862,
  "n_eval_clusters": 231,
  "trainable_params": 11486210,
  "accuracy": 0.8790627362055934,
  "accuracy_vision_ablated": 0.6787603930461074,
  "grounding_gap": 0.20030234315948603,
  "flip_rate": 0.06926406926406926,
  "per_layer_dispersion_flip_corr": {
    "0": 0.027081065049024414,
    "1": 0.5853635153442013,
    "2": 0.5730542176840956,
    "3": 0.5232805422943216,
    "4": 0.42615507542942055,
    "5": 0.27927422440000815
  },
  "flip_fraction": 0.06926406926406926,
  "phenomenon_disagreement": {
    "original": 0.017316017316017316,
    "lexical_substitution": 0.023346303501945526,
    "scope_quantification": 0.02654867256637168,
    "syntactic_restructuring": 0.026785714285714284,
    "negation_pattern": 0.005434782608695652,
    "specificity_modulation": 0.01990049751243781
  }
}