{
  "regime": "augmented",
  "seed": 0,
  "steps": 2000,
  "depth": 6,
  "early_stop_step": 300,
  "val_acc": 0.5249320036264733,
  "vision_dropout": 0.0,
  "n_train": 45662,
  "n_eval_clusters": 1141,
  "trainable_params": 11443970,
  "accuracy": 0.4937002318314686,
  "accuracy_vision_ablated": 0.48724926922689243,
  "grounding_gap": 0.006450962604576171,
  "flip_rate": 0.0
}