{
  "0": {
    "real": 0.6560562059155365,
    "zero": 0.48988417102510756,
    "shuffle": 0.5066378360217392
  },
  "1": {
    "real": 0.6658930281757918,
    "zero": 0.4767846576500423,
    "shuffle": 0.5101654459190963
  },
  "2": {
    "real": 0.6043742147704043,
    "zero": 0.48417086041596374,
    "shuffle": 0.5026528489086359
  }
}