{
  "offsets_in_sd": [
    -2.0,
    -1.75,
    -1.5,
    -1.25,
    -1.0,
    -0.75,
    -0.5,
    -0.25,
    0.0,
    0.25,
    0.5,
    0.75,
    1.0,
    1.25,
    1.5,
    1.75,
    2.0
  ],
  "per_regime": {
    "augmented": {
      "flip0": [
        0.08225108225108226,
        0.09523809523809523,
        0.09090909090909091,
        0.10822510822510822,
        0.1038961038961039,
        0.09523809523809523,
        0.10822510822510822,
        0.08658008658008658,
        0.09956709956709957,
        0.11255411255411256,
        0.09090909090909091,
        0.07792207792207792,
        0.09090909090909091,
        0.09090909090909091,
        0.11255411255411256,
        0.07792207792207792
      ],
      "disp": [
        0.048927970230579376,
        0.054323382675647736,
        0.06639393419027328,
        0.08221609890460968,
        0.06850708276033401,
        0.06725695729255676,
        0.06723075360059738,
        0.06445753574371338,
        0.05420961603522301,
        0.08655603975057602,
        0.04356365278363228,
        0.07461370527744293,
        0.10890175402164459,
        0.10451801121234894,
        0.0798264890909195,
        0.10303645581007004
      ],
      "curve": [
        0.0,
        0.0,
        0.005411255411255411,
        0.0689935064935065,
        0.0800865800865801,
        0.08306277056277056,
        0.08793290043290045,
        0.09226190476190477,
        0.09523809523809522,
        0.09442640692640693,
        0.10119047619047619,
        0.06655844155844155,
        0.027056277056277053,
        0.015151515151515152,
        0.0,
        0.0,
        0.0
      ]
    },
    "canonical": {
      "flip0": [
        0.27705627705627706,
        0.20346320346320346,
        0.2683982683982684,
        0.24675324675324675,
        0.39826839826839827,
        0.24675324675324675,
        0.329004329004329,
        0.30303030303030304,
        0.2597402597402597,
        0.2510822510822511,
        0.341991341991342,
        0.46320346320346323,
        0.26406926406926406,
        0.341991341991342,
        0.2727272727272727,
        0.2510822510822511
      ],
      "disp": [
        0.26769667863845825,
        0.20725467801094055,
        0.2491271197795868,
        0.27319082617759705,
        0.38021913170814514,
        0.2671991288661957,
        0.3289526402950287,
        0.28049492835998535,
        0.2405874878168106,
        0.20941323041915894,
        0.36532631516456604,
        0.43843939900398254,
        0.22023127973079681,
        0.3588387966156006,
        0.2302028238773346,
        0.22664783895015717
      ],
      "curve": [
        0.0,
        0.0,
        0.007305194805194805,
        0.14177489177489178,
        0.26379870129870125,
        0.2897727272727273,
        0.28760822510822515,
        0.28814935064935066,
        0.2949134199134199,
        0.30438311688311687,
        0.3219696969696969,
        0.3005952380952381,
        0.1810064935064935,
        0.023538961038961036,
        0.0,
        0.0,
        0.0
      ]
    },
    "adversarial": {
      "flip0": [
        0.38961038961038963,
        0.2857142857142857,
        0.38095238095238093,
        0.30735930735930733,
        0.27705627705627706,
        0.31601731601731603,
        0.329004329004329,
        0.41125541125541126,
        0.30303030303030304,
        0.2510822510822511,
        0.24242424242424243,
        0.36796536796536794,
        0.30303030303030304,
        0.37662337662337664,
        0.341991341991342,
        0.4069264069264069
      ],
      "disp": [
        0.3251258134841919,
        0.23862995207309723,
        0.3876035511493683,
        0.2799202799797058,
        0.2620493173599243,
        0.31625017523765564,
        0.35509297251701355,
        0.43300309777259827,
        0.29479682445526123,
        0.2303149402141571,
        0.21880722045898438,
        0.33529654145240784,
        0.24538610875606537,
        0.38344988226890564,
        0.304673969745636,
        0.38471540808677673
      ],
      "curve": [
        0.0,
        0.0,
        0.0010822510822510823,
        0.12608225108225107,
        0.275974025974026,
        0.3070887445887446,
        0.3241341991341991,
        0.3319805194805195,
        0.3306277056277056,
        0.32115800865800864,
        0.3087121212121212,
        0.2895021645021645,
        0.2316017316017316,
        0.056006493506493504,
        0.005952380952380952,
        0.0,
        0.0
      ]
    }
  },
  "ordering_preserved_all_offsets": false
}