{
  "0": {
    "base": 0.49954440322985555,
    "real": 0.6560562059155365,
    "zero": 0.48988417102510756,
    "shufB": 0.5066378360217392,
    "shufW": 0.4891205008192188,
    "base_hard": 0.48879628584796014,
    "real_hard": 0.5491673709277175,
    "acc_b": 0.5003328894806924,
    "acc_g": 0.5392809587217043,
    "ci_real": [
      0.6338525271722457,
      0.6779613284363121
    ],
    "ci_base": [
      0.4780089116073937,
      0.5229065733949586
    ]
  },
  "1": {
    "base": 0.4949206887307849,
    "real": 0.6658930281757918,
    "zero": 0.4767846576500423,
    "shufB": 0.5101654459190963,
    "shufW": 0.5054381563026505,
    "base_hard": 0.49254624957250187,
    "real_hard": 0.5520937877663922,
    "acc_b": 0.4993342210386152,
    "acc_g": 0.5429427430093209,
    "ci_real": [
      0.6448790243035436,
      0.6870220334745772
    ],
    "ci_base": [
      0.4720235188733699,
      0.516842332909498
    ]
  },
  "2": {
    "base": 0.49739288718232805,
    "real": 0.6043742147704043,
    "zero": 0.48417086041596374,
    "shufB": 0.5026528489086359,
    "shufW": 0.4774938301318286,
    "base_hard": 0.49860413605705783,
    "real_hard": 0.5407849682964889,
    "acc_b": 0.49900133155792276,
    "acc_g": 0.5306258322237017,
    "ci_real": [
      0.5825841139323064,
      0.6271276278959591
    ],
    "ci_base": [
      0.4743790348372487,
      0.5210967743298138
    ]
  },
  "3": {
    "base": 0.49396617856331176,
    "real": 0.6557156144807498,
    "zero": 0.49209938144054954,
    "shufB": 0.5104102009332601,
    "shufW": 0.5070239200429728,
    "base_hard": 0.48685083026737214,
    "real_hard": 0.567746603828016,
    "acc_b": 0.5066577896138482,
    "acc_g": 0.5099866844207723
  },
  "4": {
    "base": 0.5050199613914892,
    "real": 0.503833348479894,
    "zero": 0.5027714270930083,
    "shufB": 0.5034928885810296,
    "shufW": 0.5027302289913579,
    "base_hard": 0.5005116914132609,
    "real_hard": 0.4975230210206553,
    "acc_b": 0.5006657789613849,
    "acc_g": 0.5056591211717709
  },
  "5": {
    "base": 0.5071049920092833,
    "real": 0.525055675930854,
    "zero": 0.49520114813829197,
    "shufB": 0.4898854184422204,
    "shufW": 0.4972624367033199,
    "base_hard": 0.5086471816463448,
    "real_hard": 0.5016419824693379,
    "acc_b": 0.5079893475366178,
    "acc_g": 0.5176431424766977
  },
  "6": {
    "base": 0.5048131293069862,
    "real": 0.6414153348563961,
    "zero": 0.5007260907915289,
    "shufB": 0.49005857153293053,
    "shufW": 0.5115816093068586,
    "base_hard": 0.4947671332838869,
    "real_hard": 0.53995595013699,
    "acc_b": 0.5009986684420772,
    "acc_g": 0.5296271637816246
  },
  "7": {
    "base": 0.4937970164826468,
    "real": 0.6291846117175534,
    "zero": 0.4922708877957276,
    "shufB": 0.5006254355542105,
    "shufW": 0.4994243154624209,
    "base_hard": 0.4919657912859733,
    "real_hard": 0.5348257865247994,
    "acc_b": 0.5029960053262317,
    "acc_g": 0.5412782956058588
  },
  "8": {
    "base": 0.486380702680115,
    "real": 0.6672337136786923,
    "zero": 0.5019078910465129,
    "shufB": 0.5101124266152756,
    "shufW": 0.4995480693860324,
    "base_hard": 0.4761442213674618,
    "real_hard": 0.547223073420693,
    "acc_b": 0.49900133155792276,
    "acc_g": 0.5815579227696405
  },
  "9": {
    "base": 0.4890445964390943,
    "real": 0.6516465413082221,
    "zero": 0.47286169135483597,
    "shufB": 0.5083242943152132,
    "shufW": 0.48846031369179516,
    "base_hard": 0.49210395228436593,
    "real_hard": 0.5701202983697183,
    "acc_b": 0.5033288948069241,
    "acc_g": 0.5645805592543276
  },
  "10": {
    "base": 0.4978369310763363,
    "real": 0.6363955794653801,
    "zero": 0.5025274681791776,
    "shufB": 0.49448677255924395,
    "shufW": 0.5004319726648787,
    "base_hard": 0.4972836170281335,
    "real_hard": 0.5606677867741955,
    "acc_b": 0.5023302263648469,
    "acc_g": 0.5416111850865513
  },
  "11": {
    "base": 0.5082291331485599,
    "real": 0.5165199291053992,
    "zero": 0.499188625193789,
    "shufB": 0.4996896913594741,
    "shufW": 0.5026851909829119,
    "base_hard": 0.5129637258164144,
    "real_hard": 0.5140694656030372,
    "acc_b": 0.5093209054593875,
    "acc_g": 0.5213049267643143
  },
  "12": {
    "base": 0.5072736906341785,
    "real": 0.5011120709972205,
    "zero": 0.4966381134067209,
    "shufB": 0.5005752649271168,
    "shufW": 0.4902877216036048,
    "base_hard": 0.5031954855660548,
    "real_hard": 0.49243451968376195,
    "acc_b": 0.5066577896138482,
    "acc_g": 0.5053262316910786
  },
  "13": {
    "base": 0.4935519465794572,
    "real": 0.6230909184265665,
    "zero": 0.4991974582114362,
    "shufB": 0.5211686687666033,
    "shufW": 0.49401764588819436,
    "base_hard": 0.4887569437617871,
    "real_hard": 0.5467361968024517,
    "acc_b": 0.5029960053262317,
    "acc_g": 0.5559254327563249
  },
  "14": {
    "base": 0.5122235674759713,
    "real": 0.5756287467808123,
    "zero": 0.499905076902495,
    "shufB": 0.4994328011600092,
    "shufW": 0.48709346775942214,
    "base_hard": 0.5086903110875246,
    "real_hard": 0.5309695617244427,
    "acc_b": 0.5076564580559254,
    "acc_g": 0.5159786950732357
  },
  "15": {
    "base": 0.5026631924152402,
    "real": 0.6110172850521852,
    "zero": 0.4860612870793604,
    "shufB": 0.4872488283519267,
    "shufW": 0.5019613274242903,
    "base_hard": 0.5070634009754402,
    "real_hard": 0.5288025495162596,
    "acc_b": 0.4993342210386152,
    "acc_g": 0.5419440745672437
  }
}