{
  "per_seed": [
    {
      "seed": 0,
      "baseline": {
        "acc_argmax": 0.5003328894806924,
        "auc_mean": 0.49954440322985555,
        "oracle_acc_mean": 0.5480463980463981,
        "per_finding_auc": {
          "Is there atelectasis?": 0.538888888888889,
          "Is there cardiomegaly?": 0.46774305555555556,
          "Is there consolidation?": 0.5033680555555555,
          "Is there edema?": 0.567283950617284,
          "Is there emphysema?": 0.5106597222222222,
          "Is there fibrosis?": 0.555,
          "Is there hernia?": 0.38340192043895743,
          "Is there infiltrates?": 0.48378472222222224,
          "Is there mass?": 0.5012152777777777,
          "Is there nodule?": 0.5240625,
          "Is there pleural effusion?": 0.5597222222222222,
          "Is there pleural thickening?": 0.40305555555555556,
          "Is there pneumonia?": 0.4992899408284024,
          "Is there pneumothorax?": 0.49614583333333334
        },
        "per_finding_acc": {
          "Is there atelectasis?": 0.5,
          "Is there cardiomegaly?": 0.5,
          "Is there consolidation?": 0.49166666666666664,
          "Is there edema?": 0.5277777777777778,
          "Is there emphysema?": 0.5125,
          "Is there fibrosis?": 0.5541666666666667,
          "Is there hernia?": 0.5,
          "Is there infiltrates?": 0.49583333333333335,
          "Is there mass?": 0.48333333333333334,
          "Is there nodule?": 0.49166666666666664,
          "Is there pleural effusion?": 0.4791666666666667,
          "Is there pleural thickening?": 0.475,
          "Is there pneumonia?": 0.49230769230769234,
          "Is there pneumothorax?": 0.5041666666666667
        }
      },
      "grounded": {
        "acc_argmax": 0.5392809587217043,
        "auc_mean": 0.6560562059155365,
        "oracle_acc_mean": 0.6589870777370777,
        "per_finding_auc": {
          "Is there atelectasis?": 0.615625,
          "Is there cardiomegaly?": 0.5334027777777778,
          "Is there consolidation?": 0.7636805555555555,
          "Is there edema?": 0.707037037037037,
          "Is there emphysema?": 0.6799305555555556,
          "Is there fibrosis?": 0.6059722222222222,
          "Is there hernia?": 0.4142661179698217,
          "Is there infiltrates?": 0.6360416666666666,
          "Is there mass?": 0.6910416666666667,
          "Is there nodule?": 0.6427777777777778,
          "Is there pleural effusion?": 0.7785416666666666,
          "Is there pleural thickening?": 0.7159722222222222,
          "Is there pneumonia?": 0.644733727810651,
          "Is there pneumothorax?": 0.7557638888888889
        },
        "per_finding_acc": {
          "Is there atelectasis?": 0.5041666666666667,
          "Is there cardiomegaly?": 0.5041666666666667,
          "Is there consolidation?": 0.5,
          "Is there edema?": 0.6222222222222222,
          "Is there emphysema?": 0.5,
          "Is there fibrosis?": 0.5,
          "Is there hernia?": 0.5,
          "Is there infiltrates?": 0.6125,
          "Is there mass?": 0.5,
          "Is there nodule?": 0.5833333333333334,
          "Is there pleural effusion?": 0.6958333333333333,
          "Is there pleural thickening?": 0.5,
          "Is there pneumonia?": 0.5,
          "Is there pneumothorax?": 0.5
        }
      }
    },
    {
      "seed": 1,
      "baseline": {
        "acc_argmax": 0.4993342210386152,
        "auc_mean": 0.4949206887307849,
        "oracle_acc_mean": 0.5522156084656084,
        "per_finding_auc": {
          "Is there atelectasis?": 0.5057638888888889,
          "Is there cardiomegaly?": 0.5174652777777777,
          "Is there consolidation?": 0.5167708333333334,
          "Is there edema?": 0.571111111111111,
          "Is there emphysema?": 0.5051041666666667,
          "Is there fibrosis?": 0.5022916666666666,
          "Is there hernia?": 0.3148148148148148,
          "Is there infiltrates?": 0.49100694444444437,
          "Is there mass?": 0.3974652777777778,
          "Is there nodule?": 0.4767708333333333,
          "Is there pleural effusion?": 0.5720138888888888,
          "Is there pleural thickening?": 0.42743055555555554,
          "Is there pneumonia?": 0.5279289940828402,
          "Is there pneumothorax?": 0.602951388888889
        },
        "per_finding_acc": {
          "Is there atelectasis?": 0.5,
          "Is there cardiomegaly?": 0.5,
          "Is there consolidation?": 0.5,
          "Is there edema?": 0.5,
          "Is there emphysema?": 0.5,
          "Is there fibrosis?": 0.49166666666666664,
          "Is there hernia?": 0.5,
          "Is there infiltrates?": 0.5,
          "Is there mass?": 0.5,
          "Is there nodule?": 0.5,
          "Is there pleural effusion?": 0.5,
          "Is there pleural thickening?": 0.5,
          "Is there pneumonia?": 0.5,
          "Is there pneumothorax?": 0.5
        }
      },
      "grounded": {
        "acc_argmax": 0.5429427430093209,
        "auc_mean": 0.6658930281757918,
        "oracle_acc_mean": 0.668523606023606,
        "per_finding_auc": {
          "Is there atelectasis?": 0.6645138888888888,
          "Is there cardiomegaly?": 0.7514583333333333,
          "Is there consolidation?": 0.7686111111111111,
          "Is there edema?": 0.7122222222222221,
          "Is there emphysema?": 0.6276388888888889,
          "Is there fibrosis?": 0.5629166666666665,
          "Is there hernia?": 0.4334705075445816,
          "Is there infiltrates?": 0.5998611111111112,
          "Is there mass?": 0.6734722222222222,
          "Is there nodule?": 0.6171527777777778,
          "Is there pleural effusion?": 0.8245138888888889,
          "Is there pleural thickening?": 0.7030555555555554,
          "Is there pneumonia?": 0.6759763313609468,
          "Is there pneumothorax?": 0.7076388888888889
        },
        "per_finding_acc": {
          "Is there atelectasis?": 0.5,
          "Is there cardiomegaly?": 0.5708333333333333,
          "Is there consolidation?": 0.5625,
          "Is there edema?": 0.5611111111111111,
          "Is there emphysema?": 0.5208333333333334,
          "Is there fibrosis?": 0.4791666666666667,
          "Is there hernia?": 0.4074074074074074,
          "Is there infiltrates?": 0.5541666666666667,
          "Is there mass?": 0.5416666666666666,
          "Is there nodule?": 0.5,
          "Is there pleural effusion?": 0.6916666666666667,
          "Is there pleural thickening?": 0.5916666666666667,
          "Is there pneumonia?": 0.5,
          "Is there pneumothorax?": 0.5
        }
      }
    },
    {
      "seed": 2,
      "baseline": {
        "acc_argmax": 0.49900133155792276,
        "auc_mean": 0.49739288718232805,
        "oracle_acc_mean": 0.5444597069597069,
        "per_finding_auc": {
          "Is there atelectasis?": 0.49020833333333336,
          "Is there cardiomegaly?": 0.4860763888888889,
          "Is there consolidation?": 0.5215625,
          "Is there edema?": 0.5850617283950617,
          "Is there emphysema?": 0.5101736111111111,
          "Is there fibrosis?": 0.5286111111111111,
          "Is there hernia?": 0.3984910836762689,
          "Is there infiltrates?": 0.48663194444444446,
          "Is there mass?": 0.4323958333333333,
          "Is there nodule?": 0.5034375,
          "Is there pleural effusion?": 0.579375,
          "Is there pleural thickening?": 0.4278472222222222,
          "Is there pneumonia?": 0.441301775147929,
          "Is there pneumothorax?": 0.5723263888888888
        },
        "per_finding_acc": {
          "Is there atelectasis?": 0.5,
          "Is there cardiomegaly?": 0.5,
          "Is there consolidation?": 0.5,
          "Is there edema?": 0.5611111111111111,
          "Is there emphysema?": 0.5,
          "Is there fibrosis?": 0.5208333333333334,
          "Is there hernia?": 0.5,
          "Is there infiltrates?": 0.5,
          "Is there mass?": 0.5,
          "Is there nodule?": 0.4791666666666667,