{
  "regime": "canonical",
  "seed": 12,
  "steps": 2000,
  "depth": 6,
  "early_stop_step": 300,
  "val_acc": 0.9237668161434978,
  "vision_dropout": 0.0,
  "n_train": 1172,
  "n_eval_clusters": 231,
  "trainable_params": 13861248,
  "accuracy": 0.8510959939531368,
  "accuracy_vision_ablated": 0.7603930461073318,
  "grounding_gap": 0.09070294784580502,
  "flip_rate": 0.26406926406926406
}