{
  "regime": "canonical",
  "seed": 12,
  "steps": 2000,
  "depth": 6,
  "early_stop_step": 225,
  "val_acc": 0.9192825112107623,
  "vision_dropout": 0.0,
  "n_train": 1172,
  "n_eval_clusters": 231,
  "trainable_params": 13861634,
  "accuracy": 0.8405139833711263,
  "accuracy_vision_ablated": 0.7362055933484505,
  "grounding_gap": 0.10430839002267578,
  "flip_rate": 0.341991341991342
}