{
  "regime": "augmented",
  "seed": 4,
  "steps": 12000,
  "depth": 6,
  "early_stop_step": 10500,
  "val_acc": 0.7491397564849126,
  "vision_dropout": 0.0,
  "use_ground": true,
  "n_train": 2157200,
  "n_eval_clusters": 2000,
  "trainable_params": 14078592,
  "accuracy": 0.73292,
  "accuracy_vision_ablated": 0.5065,
  "grounding_gap": 0.22642000000000007,
  "flip_rate": 0.3195
}