{
  "regime": "canonical",
  "seed": 13,
  "steps": 2000,
  "depth": 6,
  "early_stop_step": 375,
  "val_acc": 0.9147982062780269,
  "vision_dropout": 0.0,
  "n_train": 1172,
  "n_eval_clusters": 231,
  "trainable_params": 13861634,
  "accuracy": 0.8344671201814059,
  "accuracy_vision_ablated": 0.762660619803477,
  "grounding_gap": 0.0718065003779289,
  "flip_rate": 0.3246753246753247
}