{
  "regime": "canonical",
  "seed": 3,
  "steps": 2000,
  "depth": 6,
  "early_stop_step": 450,
  "val_acc": 0.9327354260089686,
  "vision_dropout": 0.0,
  "n_train": 1172,
  "n_eval_clusters": 231,
  "trainable_params": 13861248,
  "accuracy": 0.873771730914588,
  "accuracy_vision_ablated": 0.32123960695389264,
  "grounding_gap": 0.5525321239606954,
  "flip_rate": 0.24675324675324675
}