{
  "regime": "canonical",
  "seed": 3,
  "steps": 2000,
  "depth": 6,
  "early_stop_step": 225,
  "val_acc": 0.9147982062780269,
  "vision_dropout": 0.0,
  "n_train": 1172,
  "n_eval_clusters": 231,
  "trainable_params": 13861634,
  "accuracy": 0.781557067271353,
  "accuracy_vision_ablated": 0.3393801965230537,
  "grounding_gap": 0.4421768707482993,
  "flip_rate": 0.4069264069264069
}