{
  "regime": "adversarial",
  "seed": 4,
  "steps": 2000,
  "depth": 6,
  "early_stop_step": 525,
  "val_acc": 0.8923766816143498,
  "vision_dropout": 0.0,
  "n_train": 1172,
  "n_eval_clusters": 231,
  "trainable_params": 13861248,
  "accuracy": 0.8639455782312925,
  "accuracy_vision_ablated": 0.6787603930461074,
  "grounding_gap": 0.18518518518518512,
  "flip_rate": 0.27705627705627706
}