{
  "regime": "augmented",
  "seed": 4,
  "steps": 2000,
  "depth": 6,
  "early_stop_step": 150,
  "val_acc": 0.9192825112107623,
  "vision_dropout": 0.0,
  "use_ground": true,
  "n_train": 6862,
  "n_eval_clusters": 231,
  "trainable_params": 14306304,
  "accuracy": 0.8858654572940288,
  "accuracy_vision_ablated": 0.7717309145880574,
  "grounding_gap": 0.11413454270597134,
  "flip_rate": 0.07792207792207792
}