{
  "regime": "canonical",
  "seed": 1,
  "steps": 12000,
  "depth": 6,
  "early_stop_step": 10500,
  "val_acc": 0.754433562731604,
  "vision_dropout": 0.0,
  "use_ground": true,
  "n_train": 86288,
  "n_eval_clusters": 2000,
  "trainable_params": 14078592,
  "accuracy": 0.65394,
  "accuracy_vision_ablated": 0.4935,
  "grounding_gap": 0.16043999999999997,
  "flip_rate": 0.6245
}