{
  "regime": "adversarial",
  "seed": 5,
  "steps": 12000,
  "depth": 6,
  "early_stop_step": 11500,
  "val_acc": 0.6005161461090525,
  "vision_dropout": 0.0,
  "use_ground": true,
  "n_train": 86288,
  "n_eval_clusters": 2000,
  "trainable_params": 14078592,
  "accuracy": 0.6001326530612245,
  "accuracy_vision_ablated": 0.5065,
  "grounding_gap": 0.09363265306122459,
  "flip_rate": 0.86
}