{
  "regime": "augmented",
  "seed": 0,
  "steps": 12000,
  "depth": 6,
  "early_stop_step": 7500,
  "val_acc": 0.7533748014822658,
  "vision_dropout": 0.0,
  "use_ground": true,
  "n_train": 4228112,
  "n_eval_clusters": 2000,
  "trainable_params": 14078592,
  "accuracy": 0.7519591836734694,
  "accuracy_vision_ablated": 0.4935,
  "grounding_gap": 0.2584591836734694,
  "flip_rate": 0.0375
}