{
  "regime": "adversarial",
  "seed": 15,
  "steps": 1500,
  "depth": 6,
  "early_stop_step": 300,
  "val_acc": 0.8609865470852018,
  "vision_dropout": 0.0,
  "n_train": 1172,
  "n_eval_clusters": 231,
  "trainable_params": 11486210,
  "accuracy": 0.8412698412698413,
  "accuracy_vision_ablated": 0.6787603930461074,
  "grounding_gap": 0.16250944822373392,
  "flip_rate": 0.3116883116883117
}