{
  "regime": "augmented",
  "seed": 7,
  "steps": 2000,
  "depth": 6,
  "early_stop_step": 150,
  "val_acc": 0.9147982062780269,
  "vision_dropout": 0.0,
  "n_train": 6862,
  "n_eval_clusters": 231,
  "trainable_params": 13861248,
  "accuracy": 0.891912320483749,
  "accuracy_vision_ablated": 0.5117157974300831,
  "grounding_gap": 0.3801965230536659,
  "flip_rate": 0.08658008658008658
}