{
  "regime": "augmented",
  "seed": 6,
  "steps": 2000,
  "depth": 6,
  "early_stop_step": 525,
  "val_acc": 0.9147982062780269,
  "vision_dropout": 0.0,
  "n_train": 6862,
  "n_eval_clusters": 231,
  "trainable_params": 13861634,
  "accuracy": 0.8866213151927438,
  "accuracy_vision_ablated": 0.8216175359032502,
  "grounding_gap": 0.06500377928949364,
  "flip_rate": 0.08658008658008658
}