{
  "regime": "augmented",
  "seed": 6,
  "steps": 2000,
  "depth": 6,
  "early_stop_step": 525,
  "val_acc": 0.9237668161434978,
  "vision_dropout": 0.0,
  "n_train": 6862,
  "n_eval_clusters": 231,
  "trainable_params": 13861248,
  "accuracy": 0.871504157218443,
  "accuracy_vision_ablated": 0.7792894935752078,
  "grounding_gap": 0.09221466364323516,
  "flip_rate": 0.10822510822510822
}