{
  "regime": "canonical",
  "seed": 2,
  "steps": 2000,
  "depth": 6,
  "early_stop_step": 150,
  "val_acc": 0.9237668161434978,
  "vision_dropout": 0.0,
  "use_ground": true,
  "n_train": 1172,
  "n_eval_clusters": 231,
  "trainable_params": 14306304,
  "accuracy": 0.8435374149659864,
  "accuracy_vision_ablated": 0.746031746031746,
  "grounding_gap": 0.0975056689342404,
  "flip_rate": 0.3593073593073593
}