{
  "regime": "augmented",
  "seed": 2,
  "steps": 1500,
  "depth": 6,
  "early_stop_step": 300,
  "val_acc": 0.9103139013452914,
  "vision_dropout": 0.0,
  "n_train": 6862,
  "n_eval_clusters": 231,
  "trainable_params": 11486210,
  "accuracy": 0.854875283446712,
  "accuracy_vision_ablated": 0.6787603930461074,
  "grounding_gap": 0.17611489040060468,
  "flip_rate": 0.11255411255411256,
  "n_flip_targets": 26,
  "n_nonflip_controls": 60,
  "recovery_rank1_by_layer": [
    1.0,
    1.0,
    1.0,
    1.0,
    1.0,
    1.0
  ],
  "control_rank1_by_layer": [
    0.0,
    0.0,
    0.0,
    0.0,
    0.0,
    0.0
  ],
  "net_rank1_by_layer": [
    1.0,
    1.0,
    1.0,
    1.0,
    1.0,
    1.0
  ],
  "nonflip_disruption_by_layer": [
    0.0,
    0.0,
    0.0,
    0.0,
    0.0,
    0.0
  ],
  "locus_depth_net30": 0
}