{
  "regime": "adversarial",
  "seed": 4,
  "steps": 2000,
  "depth": 6,
  "early_stop_step": 75,
  "val_acc": 0.9013452914798207,
  "vision_dropout": 0.0,
  "n_train": 1172,
  "n_eval_clusters": 231,
  "trainable_params": 13861248,
  "accuracy": 0.8571428571428571,
  "accuracy_vision_ablated": 0.7883597883597884,
  "grounding_gap": 0.06878306878306872,
  "flip_rate": 0.3593073593073593,
  "per_layer_dispersion_flip_corr": {
    "0": 0.8157171586681391,
    "1": 0.8544267298298287,
    "2": 0.8433710668510208,
    "3": 0.811856049317119,
    "4": 0.7568321901905011,
    "5": 0.6667850132287754
  },
  "flip_fraction": 0.3593073593073593,
  "phenomenon_disagreement": {
    "original": 0.025974025974025976,
    "lexical_substitution": 0.11673151750972763,
    "scope_quantification": 0.20353982300884957,
    "syntactic_restructuring": 0.07589285714285714,
    "negation_pattern": 0.021739130434782608,
    "specificity_modulation": 0.07960199004975124
  }
}