{
  "regime": "adversarial",
  "seed": 5,
  "steps": 2000,
  "depth": 6,
  "early_stop_step": 450,
  "val_acc": 0.8968609865470852,
  "vision_dropout": 0.0,
  "n_train": 1172,
  "n_eval_clusters": 231,
  "trainable_params": 13861634,
  "accuracy": 0.8201058201058201,
  "accuracy_vision_ablated": 0.7785336356764928,
  "grounding_gap": 0.04157218442932731,
  "flip_rate": 0.3593073593073593
}