{
  "regime": "augmented",
  "seed": 11,
  "steps": 2000,
  "depth": 6,
  "early_stop_step": 150,
  "val_acc": 0.9103139013452914,
  "vision_dropout": 0.0,
  "n_train": 6862,
  "n_eval_clusters": 231,
  "trainable_params": 13861634,
  "accuracy": 0.8805744520030234,
  "accuracy_vision_ablated": 0.7687074829931972,
  "grounding_gap": 0.11186696900982618,
  "flip_rate": 0.07792207792207792
}