{
  "regime": "augmented",
  "seed": 11,
  "steps": 2000,
  "depth": 6,
  "early_stop_step": 300,
  "val_acc": 0.9147982062780269,
  "vision_dropout": 0.0,
  "n_train": 6862,
  "n_eval_clusters": 231,
  "trainable_params": 13861248,
  "accuracy": 0.8858654572940288,
  "accuracy_vision_ablated": 0.8140589569160998,
  "grounding_gap": 0.07180650037792902,
  "flip_rate": 0.07792207792207792
}