{
  "regime": "augmented",
  "seed": 4,
  "steps": 2000,
  "depth": 6,
  "early_stop_step": 375,
  "val_acc": 0.9237668161434978,
  "vision_dropout": 0.0,
  "n_train": 6862,
  "n_eval_clusters": 231,
  "trainable_params": 13861248,
  "accuracy": 0.8934240362811792,
  "accuracy_vision_ablated": 0.7853363567649282,
  "grounding_gap": 0.10808767951625098,
  "flip_rate": 0.1038961038961039
}