{
  "regime": "canonical",
  "seed": 6,
  "steps": 12000,
  "depth": 6,
  "early_stop_step": 7500,
  "val_acc": 0.7536394917946003,
  "vision_dropout": 0.0,
  "use_ground": true,
  "n_train": 86288,
  "n_eval_clusters": 2000,
  "trainable_params": 14078592,
  "accuracy": 0.6676938775510204,
  "accuracy_vision_ablated": 0.5065,
  "grounding_gap": 0.16119387755102044,
  "flip_rate": 0.686
}