{
  "regime": "augmented",
  "seed": 2,
  "steps": 2000,
  "depth": 6,
  "early_stop_step": 450,
  "val_acc": 0.9192825112107623,
  "vision_dropout": 0.25,
  "n_train": 6862,
  "n_eval_clusters": 231,
  "trainable_params": 13861248,
  "accuracy": 0.8858654572940288,
  "accuracy_vision_ablated": 0.7845804988662132,
  "grounding_gap": 0.1012849584278156,
  "flip_rate": 0.10822510822510822
}