{
  "regime": "adversarial",
  "seed": 0,
  "steps": 2000,
  "depth": 6,
  "early_stop_step": 300,
  "val_acc": 0.8923766816143498,
  "vision_dropout": 0.0,
  "use_ground": true,
  "n_train": 1172,
  "n_eval_clusters": 231,
  "trainable_params": 14306304,
  "accuracy": 0.8216175359032502,
  "accuracy_vision_ablated": 0.7467876039304611,
  "grounding_gap": 0.07482993197278909,
  "flip_rate": 0.3333333333333333
}