{
  "regime": "adversarial",
  "seed": 2,
  "steps": 2000,
  "depth": 6,
  "early_stop_step": 150,
  "val_acc": 0.8789237668161435,
  "vision_dropout": 0.0,
  "use_ground": true,
  "n_train": 1172,
  "n_eval_clusters": 231,
  "trainable_params": 14306304,
  "accuracy": 0.8488284202569917,
  "accuracy_vision_ablated": 0.7747543461829176,
  "grounding_gap": 0.07407407407407407,
  "flip_rate": 0.3246753246753247
}