{
  "regime": "augmented",
  "seed": 4,
  "steps": 1500,
  "depth": 6,
  "early_stop_step": 225,
  "val_acc": 0.8654708520179372,
  "vision_dropout": 0.0,
  "n_train": 6862,
  "n_eval_clusters": 231,
  "trainable_params": 11486210,
  "accuracy": 0.8571428571428571,
  "accuracy_vision_ablated": 0.6787603930461074,
  "grounding_gap": 0.17838246409674974,
  "flip_rate": 0.08658008658008658
}