{
  "regime": "augmented",
  "seed": 1,
  "steps": 2000,
  "depth": 6,
  "early_stop_step": 150,
  "val_acc": 0.9147982062780269,
  "vision_dropout": 0.0,
  "n_train": 6862,
  "n_eval_clusters": 231,
  "trainable_params": 13861248,
  "accuracy": 0.8813303099017384,
  "accuracy_vision_ablated": 0.3393801965230537,
  "grounding_gap": 0.5419501133786848,
  "flip_rate": 0.09523809523809523
}