{
  "regime": "augmented",
  "seed": 2,
  "steps": 1500,
  "depth": 6,
  "early_stop_step": 525,
  "val_acc": 0.9013452914798207,
  "vision_dropout": 0.0,
  "n_train": 6862,
  "n_eval_clusters": 231,
  "trainable_params": 11486210,
  "accuracy": 0.8480725623582767,
  "accuracy_vision_ablated": 0.6787603930461074,
  "grounding_gap": 0.1693121693121693,
  "flip_rate": 0.11688311688311688
}