{
  "regime": "augmented",
  "seed": 1,
  "steps": 2000,
  "depth": 6,
  "early_stop_step": 150,
  "val_acc": 0.9237668161434978,
  "vision_dropout": 0.0,
  "use_ground": true,
  "n_train": 6862,
  "n_eval_clusters": 231,
  "trainable_params": 14306304,
  "accuracy": 0.8813303099017384,
  "accuracy_vision_ablated": 0.780045351473923,
  "grounding_gap": 0.10128495842781549,
  "flip_rate": 0.05627705627705628
}