{
  "regime": "canonical",
  "seed": 10,
  "steps": 2000,
  "depth": 6,
  "early_stop_step": 225,
  "val_acc": 0.9282511210762332,
  "vision_dropout": 0.0,
  "n_train": 1172,
  "n_eval_clusters": 231,
  "trainable_params": 13861248,
  "accuracy": 0.8125472411186697,
  "accuracy_vision_ablated": 0.32123960695389264,
  "grounding_gap": 0.4913076341647771,
  "flip_rate": 0.341991341991342
}