{
  "regime": "augmented",
  "seed": 3,
  "steps": 2000,
  "depth": 6,
  "early_stop_step": 375,
  "val_acc": 0.9147982062780269,
  "vision_dropout": 0.9,
  "n_train": 6862,
  "n_eval_clusters": 231,
  "trainable_params": 13861248,
  "accuracy": 0.890400604686319,
  "accuracy_vision_ablated": 0.7838246409674982,
  "grounding_gap": 0.10657596371882083,
  "flip_rate": 0.10822510822510822
}