{
  "regime": "augmented",
  "seed": 5,
  "steps": 2000,
  "depth": 6,
  "early_stop_step": 375,
  "val_acc": 0.9192825112107623,
  "vision_dropout": 0.0,
  "n_train": 6862,
  "n_eval_clusters": 231,
  "trainable_params": 13861248,
  "accuracy": 0.8949357520786092,
  "accuracy_vision_ablated": 0.7853363567649282,
  "grounding_gap": 0.10959939531368101,
  "flip_rate": 0.1038961038961039,
  "per_layer_dispersion_flip_corr": {
    "0": 0.8206358657088146,
    "1": 0.7781841949030275,
    "2": 0.7205179657678257,
    "3": 0.6780759860861968,
    "4": 0.6396474915961105,
    "5": 0.5967966404490281
  },
  "flip_fraction": 0.1038961038961039,
  "phenomenon_disagreement": {
    "original": 0.004329004329004329,
    "lexical_substitution": 0.027237354085603113,
    "scope_quantification": 0.022123893805309734,
    "syntactic_restructuring": 0.022321428571428572,
    "negation_pattern": 0.0,
    "specificity_modulation": 0.05472636815920398
  }
}