{
  "regime": "augmented",
  "seed": 1,
  "steps": 1500,
  "depth": 6,
  "early_stop_step": 525,
  "val_acc": 0.8968609865470852,
  "vision_dropout": 0.0,
  "n_train": 6862,
  "n_eval_clusters": 231,
  "trainable_params": 11486210,
  "accuracy": 0.8624338624338624,
  "accuracy_vision_ablated": 0.6787603930461074,
  "grounding_gap": 0.18367346938775508,
  "flip_rate": 0.06060606060606061
}