{
  "regime": "canonical",
  "seed": 5,
  "steps": 12000,
  "depth": 6,
  "early_stop_step": 8000,
  "val_acc": 0.754433562731604,
  "vision_dropout": 0.0,
  "use_ground": true,
  "n_train": 86288,
  "n_eval_clusters": 2000,
  "trainable_params": 14078592,
  "accuracy": 0.66696,
  "accuracy_vision_ablated": 0.50494,
  "grounding_gap": 0.16201999999999994,
  "flip_rate": 0.6605
}