{
  "regime": "augmented",
  "seed": 3,
  "steps": 2000,
  "depth": 6,
  "early_stop_step": 225,
  "val_acc": 0.9103139013452914,
  "vision_dropout": 0.0,
  "n_train": 6862,
  "n_eval_clusters": 231,
  "trainable_params": 13861634,
  "accuracy": 0.889644746787604,
  "accuracy_vision_ablated": 0.762660619803477,
  "grounding_gap": 0.12698412698412698,
  "flip_rate": 0.09090909090909091,
  "n_flip_targets": 21,
  "n_nonflip_controls": 60,
  "recovery_rank1_by_layer": [
    1.0,
    1.0,
    1.0,
    1.0,
    1.0,
    0.5714285714285714
  ],
  "control_rank1_by_layer": [
    0.0,
    0.0,
    0.0,
    0.047619047619047616,
    0.0,
    0.0
  ],
  "net_rank1_by_layer": [
    1.0,
    1.0,
    1.0,
    0.9523809523809523,
    1.0,
    0.5714285714285714
  ],
  "nonflip_disruption_by_layer": [
    0.0,
    0.0,
    0.0,
    0.0,
    0.0,
    0.0
  ],
  "locus_depth_net30": 0
}