{
  "regime": "augmented",
  "seed": 5,
  "steps": 1500,
  "depth": 6,
  "early_stop_step": 675,
  "val_acc": 0.9237668161434978,
  "vision_dropout": 0.5,
  "n_train": 6862,
  "n_eval_clusters": 231,
  "trainable_params": 11486210,
  "accuracy": 0.8881330309901738,
  "accuracy_vision_ablated": 0.8427815570672713,
  "grounding_gap": 0.04535147392290251,
  "flip_rate": 0.0735930735930736
}