{
  "regime": "augmented",
  "seed": 2,
  "steps": 2000,
  "depth": 6,
  "early_stop_step": 600,
  "val_acc": 0.9237668161434978,
  "vision_dropout": 0.5,
  "n_train": 6862,
  "n_eval_clusters": 231,
  "trainable_params": 13861248,
  "accuracy": 0.873771730914588,
  "accuracy_vision_ablated": 0.798941798941799,
  "grounding_gap": 0.07482993197278909,
  "flip_rate": 0.08658008658008658
}