{
  "regime": "canonical",
  "seed": 11,
  "steps": 1500,
  "depth": 6,
  "early_stop_step": 375,
  "val_acc": 0.9103139013452914,
  "vision_dropout": 0.0,
  "n_train": 1172,
  "n_eval_clusters": 231,
  "trainable_params": 11486210,
  "accuracy": 0.8299319727891157,
  "accuracy_vision_ablated": 0.6787603930461074,
  "grounding_gap": 0.15117157974300832,
  "flip_rate": 0.27705627705627706
}