{
  "regime": "adversarial",
  "seed": 2,
  "steps": 12000,
  "depth": 6,
  "early_stop_step": 9500,
  "val_acc": 0.6072657490735839,
  "vision_dropout": 0.0,
  "use_ground": true,
  "n_train": 86288,
  "n_eval_clusters": 2000,
  "trainable_params": 14078592,
  "accuracy": 0.58742,
  "accuracy_vision_ablated": 0.50678,
  "grounding_gap": 0.08064000000000004,
  "flip_rate": 0.8475
}