{
  "regime": "canonical",
  "seed": 9,
  "steps": 2000,
  "depth": 6,
  "early_stop_step": 150,
  "val_acc": 0.9372197309417041,
  "vision_dropout": 0.0,
  "n_train": 1172,
  "n_eval_clusters": 231,
  "trainable_params": 13861248,
  "accuracy": 0.8518518518518519,
  "accuracy_vision_ablated": 0.6938775510204082,
  "grounding_gap": 0.1579743008314437,
  "flip_rate": 0.2510822510822511
}