{
  "regime": "augmented",
  "seed": 4,
  "steps": 12000,
  "depth": 6,
  "early_stop_step": 9500,
  "val_acc": 0.7488088935944944,
  "vision_dropout": 0.0,
  "use_ground": true,
  "n_train": 4228112,
  "n_eval_clusters": 2000,
  "trainable_params": 14078592,
  "accuracy": 0.7503367346938775,
  "accuracy_vision_ablated": 0.5065,
  "grounding_gap": 0.24383673469387757,
  "flip_rate": 0.0555
}